PLAYER_ID,PLAYER_NAME,GAMES_PLAYED,GAMES_AVG_SCORE,GAMES_MED_SCORE,GAMES_SCORE_STD_DEV
57bf4cd109f2efd5dc9a11cc,Piskanaft,153,12605.54248366013,12357,4227.947610839094
598e0f3d43a1435770463715,yeeboiiiiiiiiiiiiii,22,15092.363636363636,14439.5,3722.6927082422476
59a362320ee41f7e90f3ce92,Wolftrekker (YT),9,13736.888888888889,12967,2953.5251818801207
59a99a3343a14357704a97a0,Kratsooo,50,14116.16,14696.5,3307.9286570299546
59b6fa8456e5a24cf0c79c45,Bitcoin,11,8272.727272727272,8159,2719.037145755828
59d0b74bd8fe1d5b30651962,Debre,20,17275.55,16889,3246.1649680815667
59e21e3539d85572801d5a5e,Sesquipedalism,100,14400.5,14551.5,3572.6795266298377
59fc5f5c39d8552a6c5e81a2,Simi,19,12753.315789473685,13236,3629.8679039325934
5a33d4491cbd1560d0eaed6b,tozangezan,40,12852.875,13092.5,3791.242276615938
5a54c41257f1750a400b7a26,oscar,22,6896,6924.5,3079.747554589499
5aa25c6242305f89a0f9633a,qwwinkii,10,10987.8,10678,3477.6361224256916
5b4899f5b56fe41a1831bba4,Lennli,40,14139.825,13733.5,2489.9066247552337
5b51062a4010740f7cd91dd5,Blinky,9,17071.777777777777,17714,2654.3170496381927
5b7cfb7b602b2e3a94fbb968,ùòöùò≠ùò™ùò∑ùò¶ùò≥,33,13409.848484848484,13204,4134.67955227488
5b8413394ee03584bc721f0b,Bassman (Youtube),6,8263,8068,2018.95121288257
5bf491faaac55b998458ed9a,mk,131,15950.91603053435,16250,3238.8968801121164
5c03eed1b5b94ba700403005,Finbarr,109,19164.302752293577,19541,3434.0567846207787
5c04ec3b43196563803ba61f,V89,170,17031.305882352943,17749,3578.617610195311
5c14f357ff3dc98d883d182c,[TNT] Kirania,219,14473.315068493152,14443,3589.8310545205327
5c44c39898004e833c65f405,D3rL30p4rd,6,11289.666666666666,12183.5,3748.4595502686166
5c61c05b3d925ba81408c135,Sadziu,22,15116.045454545454,15424.5,3072.0279946641112
5ce9a9b0b741f8576819ddb6,Max,3,15056.333333333334,15028,1461.7058527624497
5d04bea46502df83cc2a542f,Kewin,81,12997.493827160493,13096,3677.233334995211
5d1f1dea2ea9399fe46edc5c,ronaq,24,14501.666666666666,15188,3753.57323093609
5d46fa671d34a0315c268ad0,[TNT] TreezErik,1,13378,13378,
5d91d1dfee473fc2e437b577,eenrandommens,26,15145.846153846154,15130.5,3057.966481176666
5ddd2840db02e1948493a2a0,Illusion,270,19219.085185185184,19698.5,2994.4947820959715
5de7a59044d2a42f78156b33,„Åó„ÅÑ„Å™,160,16066.78125,16308,3423.263793516357
5e22476fdba510714ce478df,Melting Ice,43,15153.046511627907,15958,3865.1095715386905
5e2e983722bbda85a40e9009,Eamonn,212,15012.63679245283,15101,3538.36346352378
5e3b0e14dba5103fdccf2e4e,lemontree,200,11175.195,11235.5,3661.174265177772
5e5939de12777c09acb5eb4b,Pix,1,6329,6329,
5e62fc4f8fd6cf1b0056adaa,PenRaiser_SB_32,9,13119.333333333334,12235,3755.3722851403163
5e6bd352b3ec1786bc33f817,‚ù§GeoPsique‚ù§,6,10562.833333333334,10280.5,2560.245691335111
5e7054fd2ad6cf16ec368ce1,dev,40,13597.925,13544,3409.825362097009
5e8e59292ad6cf212829d2bb,Happy Birthday,35,10204.8,10413,3063.2872865599793
5e8f73b22ad6cf6e8851b0ca,Tonito,129,14537.410852713178,14918,4519.009294082056
5e9764acd502e1472c1b694d,Alphy,20,10143.4,8771.5,4232.030481931812
5eb8f59b318e46ab803dcba4,·ö±·öÆ·õê·õç·ö¥·õÅ,9,6763,7230,2125.853946064969
5ec26de5a789c45a9c13cf3c,sp4ghet,10,15959.6,15891,4518.485476351561
5eccd6d68d6ade72cc836cb8,≈†≈•√Ω–¥ƒì≈à»õ,12,11399.083333333334,10522.5,3612.5544978588214
5ed51eab282ad28b94ff9efc,Salex,1,12530,12530,
5ed7d66d5d34e779bccc6590,kirilka,2,17394.5,17394.5,1595.9401617855226
5ee933f15426a914442197e4,Jeif,62,19080.91935483871,19267,2438.1544249698377
5eedb3d29d57a84ae09c4290,Hydro,11,9132.90909090909,7892,3507.512936540648
5ef35fd819612a2940d22de2,Mich,5,10864.4,10335,1847.7118281810071
5f07412b8551644f80314987,hyacinthsj,53,14799.641509433963,15019,3052.23983330275
5f172e581874328b38c066f7,flipster22,82,14148.256097560976,14237.5,3640.852922049997
5f29c8819762af0001d89a97,Capi,5,13898.6,14403,2377.9962153039687
5f3c49af588cd80001d51f51,bones,121,14412.454545454546,14170,3897.7431931824344
5f66872ebcfad7000142d950,Phorcys,256,12921.89453125,13059.5,3442.90110226826
5f7ddfaa5e57b3000189a24e,swangambit,13,13276.615384615385,13431,2916.4906994537114
5f85ce00fc3aec0001758b8d,Xander,88,14144.84090909091,13825.5,3615.0446746893736
5f903357aae2c100010dbdd4,nestor,1,16457,16457,
5f91a2db3d05310001d589c3,Daan,50,9006.9,9477.5,3270.923417018503
5f9adbbe6ca2e400010530f4,Pup,40,6344.775,6045.5,3316.1902840458356
5fa7ab03b45c670001342904,kent,266,15252.533834586466,15456.5,3603.2067662014624
5fba6bb84876100001068d07,Sadu,1,2971,2971,
5fe6c5e7ae5ccd000197c9e7,logan,262,18199.91221374046,18605,3381.2337984824417
5ff0a98c0c42b3000156c799,Alexeycraggy,42,14217.690476190477,13814.5,3878.6443508009343
5ff10c165de5560001f37f9d,vaivod,9,12156.555555555555,11791,2102.4935196095134
5ffa660ae8ee080001350d46,AlphaZero4000,27,11701.666666666666,11971,2877.166835621459
5ffb5e4975d2770001545cf5,Geooo,103,15284.038834951456,15131,3052.44393887914
60069f898c6114000112b409,icepelican,200,10861.49,10616,3841.27947434185
600801c48b224300016f36fd,Mada,5,14981.8,15738,4414.052106624932
6016ae33d48bd30001e71782,[TNT] Diablo,10,15867.3,14429.5,2823.0972353073494
601ab5166d405900012c6669,Matteo Kinkela,20,7517.25,7418,3357.321253618724
601f1d75228a5e00019741e1,davedavedave,117,13075.017094017094,13774,3801.053669707914
602004f5fe36ae000125a538,Michiel,2,8589,8589,4341.635636485402
602099d9d7d2210001491973,Bog,1,4110,4110,
60254c17b8832e000134884b,jason543,32,13084.5,13223.5,3736.368691657717
602c2727cf4011000175b4ee,morica,61,12298.098360655738,12354,3818.232444469561
603b1b0d5cdb1b0001bbf19e,Moo,1,20822,20822,
603cd68ed3dc740001d9dc4b,devens,11,12319.272727272728,12356,1179.6630874957477
603e28ef0297940001b93db1,fatslump(washed),5,14026.6,14499,5080.03897622843
603ea83990c952000180974c,TabBluu.,41,15299.219512195123,15387,3548.4344435257644
60423e2590c952000182b4a0,Pigeon,142,15458.549295774648,15623.5,3772.359208771084
6053be97302f9500010c3c4c,marcel,4,8358.5,8046.5,3249.600590841896
6056fd798ddd1c00018baf23,Trabota,90,18474.844444444443,18827.5,2925.7869026981443
605b1842045b9e0001837397,brunooo_ooo,213,14234.600938967136,14184,3667.621981611518
6060aef763c4b80001aae836,Jasper,19,7074.684210526316,7507,3645.285036866116
6061d595010c4e000197240f,bakonysanchez,8,9736.375,9739.5,1642.485920792017
606402814f3a8e00016f860e,Dyll,10,10400,10484,4352.641496838442
606a0edba9cfc800017a0f46,S Ricciardi,5,10866.4,10097,3398.9807295717346
607334e1fec6f00001f676a2,hoki,4,11451,13099.5,3703.0256547855565
60806a19bafa9b000125bcc7,malfunctionn,64,12368.078125,11921.5,3656.365134939343
608168d3f5fe530001aec797,kaiser,147,8011.428571428572,7837,3419.9565786717235
608513f3eb35e60001fa2633,cry about it,3,14482.666666666666,17101,5627.557374207748
60859c21128efc0001559603,antidotess,60,14309.183333333332,13724.5,3593.784634615714
6098f58ffac408000119da5a,Cassa,107,6944.878504672897,6785,3102.286576059665
60995f8f8eb3fe0001e057c2,Starc,37,12217.918918918918,12131,4168.688162959662
60a55176895a250001d9e2d8,emshanoff,96,18595.15625,19084,3002.333758928211
60ab9a9195cb750001fb3b69,stepanartt,17,14082.29411764706,14160,3479.832036176459
60b1162519261200015e3ca2,John Harvey Kellogg,7,15838,15982,2525.2469186200387
60bcbc7bf9c48d00010901f5,Abyss,1,8967,8967,
60c5dcc9dcd637000191fd5d,VishTheFish,3,6899.666666666667,7077,4007.9433628732827
60df18727b07ec0001e05ece,r1czz.,12,18078.416666666668,17417.5,2622.238356824185
60e6fefd864e960001667155,ƒê…Ñ¬ß“ú∆¶√ò–ò,20,11903.55,11378.5,2908.567860648948
612fc1ddd0cf470001098a99,Tanger#0350,51,12798.137254901962,12959,3330.2367783687696
613672d814c06f00017c58e0,tombolo,20,12432.45,13587.5,4237.145501395958
6140b47f0a3a920001f0031e,Blueb,3,13604.333333333334,12445,4378.662352819637
615c32f565de950001753a64,lemon,1,17069,17069,
61a0aa0b508e25000188294f,Ant3k,78,16301.358974358975,16647,3289.9930091111137
61bc94ddf786cb0001188493,hulosit,1,5633,5633,
61e59e86ccc0f20001d33f9f,Lysol55,4,12988,12521,4665.349933284748
61f63ef33d94a3000139614d,„ÇØ„É™„Éó„Éà„Éä„Ç§„Éà,44,13200.09090909091,13085,3813.824982874804
6201965f19c16500017cd2ce,„Ç¢„Ç≠„Éä„Éà„É´,215,18918.60465116279,19457,3339.9893712405733
6205a2c750ff4f0001cbded7,Kround7159,1,4142,4142,
6208f41304f54b000118a55d,Rich√°rd Varsz√°misz,1,7101,7101,
62097f1950ff4f0001cdc748,PyloteD'Avion,3,4071.3333333333335,3662,2763.8281422693417
621688225a265e000124cc8d,GramenMystace,30,13207.5,14043,3757.141865833655
622d5637fbf42a00013d06b1,flickshot,13,14418.615384615385,14129,3349.9543280468765
62501808475510c8f5f4ef79,Tom,40,13640.425,14231.5,3463.5646377684366
62615ba79810147e10f029ea,ùìùùì≤ùì∞ùì±ùìΩùì∞ùì∏ùì≠,5,11982,12641,5404.0094374454975
626be1db347a090f4e84683f,VehicleRonald,48,17913.145833333332,18287,3192.3156172283466
62942d7b391564acaee575be,kazuro,40,13492.75,13662.5,4227.305643078106
62ab7d3b8c54d1371af90469,Levente Peter Kerekes,1,4624,4624,
62bfd10dea6140a9ef5f3224,Program,71,13636.94366197183,13562,3803.8412164547562
62c0257a2e7b083b8fb3ffdf,yark,142,16814.809859154928,16975.5,3116.456000010268
62d17b25f827cbfd7205c25d,deshawn,44,16626.68181818182,16174,3787.9330775503413
62e14841f938d5507c4d31f6,Jerome,13,13315.923076923076,13651,3009.0206047815623
62e7791e257a6510556a1a03,Bokaiùã¢ùãØùã´ùã°ùã©,2,10997.5,10997.5,826.6081296479003
62f0c9a9822a3f816d659d84,Adams,24,13879.791666666666,13396.5,3232.1308760630345
631092b3f84123ad62736883,LaziiQQ –ë–û–ì,1,12626,12626,
631d3543233913017a7ac6c6,nitro,11,14257.818181818182,14202,4181.505350947192
632cb7c86205b55bcde7dcb7,y4suo,6,16559.666666666668,16718,3877.449548350049
6330202c43032ef573d382eb,Jakob,20,14644.6,14554.5,4071.277686427198
633102d69d4a5044970cce21,Elcu,29,13225.068965517241,13989,3679.8650790484153
633a62ba560e8238dea97807,leero,6,18261.166666666668,18236,1887.599004026014
6376f2fd270414a1000e1fbf,bobasucker,140,13830.592857142858,14011.5,3979.279583040126
63890678411c174863e40d57,GeoTeacher,8,15498.625,16387,2976.866137400202
63b6e8ccb8148b72cafa0adb,KZT,248,17930.50806451613,18695.5,3749.8198623400563
63bc59f483352dc1648f8e9a,nevergiveup.,20,18236.75,17748,2843.766516435553
63bcd8027039017494d42999,KANMURU,2,10200,10200,612.3544725075502
63cffe929512ebc734808b0b,Rylleon,119,15452.806722689076,15980,3840.870083718011
63e223415109acb72e8c3318,GabrielGeoo,229,14221.991266375546,13873,3774.3839232383343
64007150a74fcc57ff691bea,mostiqq,1,12615,12615,
6407f630fd61426c650d8579,jkwon,133,12053.218045112782,11884,3893.0441816141774
64179ee2585e69f92ec514fc,ÔΩ∫ÔΩ∫ÔΩΩ,20,15765.05,15234,3075.0798363619765
6420e452357e1c2d41c78157,angjusevi,30,14517.6,13893.5,3615.756905545504
642548987a0ec1cc8ffe5698,insomnia (5kftw),1,7816,7816,
64302511da72523ce5182c88,[Geo] Scooby Poo,7,3769.714285714286,3720,1396.193396345936
6458e4b2ea1e908b38f447e4,LedOooo,1,6277,6277,
6460e8bfec20ce42ae0b90bb,Spirit Donk,16,15669.0625,16954,3547.1212271361687
64899fdf6552c09cf38d9d8e,Ë±ÜË±ÜÂÜñ,132,16170.128787878788,16598,3694.515123801769
6494f9bbab07ca3ea843220f,Kakaageo,1,15734,15734,
64b2b2afd22a6256877948e5,constella,2,6486,6486,5885.956846596821
64e250e234185dd27cfb93a5,bomboclatt69,5,8631.6,9281,1681.5843719540212
64ed17355f2bccc9d751cce4,Novoosibirsk,21,15333.47619047619,15355,2281.1225306852766
65196df73b287bbf7203f3f7,frey44,1,9943,9943,
65699a3d8312d2834b4eed93,Elements,90,11551.3,11569.5,3982.2354274954664
657136033b7d1f7babadbed4,SnowyMarsh339,13,6106.923076923077,6161,2466.325201590415
65a45a24590a680e4a85cc05,TropicalHill119,15,13753.733333333334,14983,3677.014685855905
65ac336c51500ca754b0bb4a,Torog0d,1,6126,6126,
662d0189162adfc26f7751ac,Looks Like Something I Luzon,22,13131.045454545454,13487,2843.0979582138916
6632b168b565bbebc7049335,Codys390,1,5591,5591,
667835c22462ec60ea631124,SkyLimit,5,8916,9974,4169.652263678591