PLAYER_ID,PLAYER_NAME,OVERALL_TOTAL_SCORE,OVERALL_ROUNDS_PLAYED,OVERALL_GAMES_PLAYED,OVERALL_ACCURACY,OVERALL_AVERAGE_GAME_SCORE,OVERALL_HIGHEST_HEDGE_STREAK,OVERALL_AVERAGE_HEDGE_STREAK,OVERALL_MEDIAN_GAME_SCORE,OVERALL_AVG_ROUND_SCORE,OVERALL_MED_ROUND_SCORE,OVERALL_LOWEST_ROUND_SCORE,OVERALL_HIGHEST_ROUND_SCORE,OVERALL_LOWEST_GAME_SCORE,OVERALL_HIGHEST_GAME_SCORE,OVERALL_GAME_SCORE_STD_DEV,OVERALL_ROUND_SCORE_STD_DEV,TOP_FINISHES,TOP3_FINISHES,TOP_FINISH_RATE,TOP3_FINISH_RATE,NM_TOTAL_SCORE,NM_ROUNDS_PLAYED,NM_GAMES_PLAYED,NM_ACCURACY,NM_HIGHEST_HEDGE_STREAK,NM_AVERAGE_HEDGE_STREAK,NM_AVG_GAME_SCORE,NM_MEDIAN_GAME_SCORE,NM_AVG_ROUND_SCORE,NM_MED_ROUND_SCORE,NM_LOWEST_ROUND_SCORE,NM_HIGHEST_ROUND_SCORE,NM_LOWEST_GAME_SCORE,NM_HIGHEST_GAME_SCORE,NM_GAME_SCORE_STD_DEV,NM_ROUNDS_SCORE_STD_DEV,NM_TOP_FINISHES,NM_TOP3_FINISHES,NM_TOP_FINISH_RATE,NM_TOP3_FINISH_RATE,NMPZ_TOTAL_SCORE,NMPZ_ROUNDS_PLAYED,NMPZ_GAMES_PLAYED,NMPZ_ACCURACY,NMPZ_HIGHEST_HEDGE_STREAK,NMPZ_AVERAGE_HEDGE_STREAK,NMPZ_AVG_GAME_SCORE,NMPZ_MEDIAN_GAME_SCORE,NMPZ_AVG_ROUND_SCORE,NMPZ_MED_ROUND_SCORE,NMPZ_LOWEST_ROUND_SCORE,NMPZ_HIGHEST_ROUND_SCORE,NMPZ_LOWEST_GAME_SCORE,NMPZ_HIGHEST_GAME_SCORE,NMPZ_GAME_SCORE_STD_DEV,NMPZ_ROUNDS_SCORE_STD_DEV,NMPZ_TOP_FINISHES,NMPZ_TOP3_FINISHES,NMPZ_TOP_FINISH_RATE,NMPZ_TOP3_FINISH_RATE,TOTAL_TESTS,OVERALL_IMPROVEMENT,RECENT_IMPROVEMENT,RECENT_5_IMPROVEMENT,FIRST_TEST_NAME,LAST_TEST_NAME,OVERALL_ADJ_ACCURACY,NM_ADJ_ACCURACY,NMPZ_ADJ_ACCURACY
57bf4cd109f2efd5dc9a11cc,Piskanaft,1928648,765,153,0.5042216993464053,12605.54248366013,1,1,12357,2521.108496732026,2611,0,5000,95,22768,4227.947610839094,1627.6280287584138,1,3,0.006535947712418301,0.0196078431372549,1462421,565,113,0.5176711504424779,1,1,12941.778761061947,12593,2588.3557522123892,2658,0,5000,95,22768,4367.244554636252,1626.896431860369,1,3,0.008849557522123894,0.02654867256637168,238023,100,20,0.476046,0,0,11901.15,12505.5,2380.23,2352,0,4987,1733,18949,4406.789420882282,1633.4788030458185,0,0,0,0,10,-0.12256000000000006,-0.03278755555555557,-0.019638000000000044,August 2023,August 2024,0.5667081803005009,0.5736141453831042,0.5276511111111111
598e0f3d43a1435770463715,yeeboiiiiiiiiiiiiii,332032,110,22,0.6036945454545455,15092.363636363636,1,1,14439.5,3018.4727272727273,3346,23,4977,7260,21550,3722.6927082422476,1581.5517696237453,0,6,0,0.2727272727272727,30973,10,2,0.61946,0,0,15486.5,15486.5,3097.3,3306,458,4933,12581,18392,4108.997566317118,1627.2114183473516,0,0,0,0,,,,,,,,,,,23,4977,7260,21550,,,0,6,0,3,2,-0.01734199999999997,-0.01734199999999997,,August 2023,August 2024,,,
59a362320ee41f7e90f3ce92,Wolftrekker (YT),123632,45,9,0.5494755555555556,13736.888888888889,0,0,12967,2747.3777777777777,2742,148,4875,10169,18300,2953.5251818801207,1464.6719769286228,0,0,0,0,123632,45,9,0.5494755555555556,0,0,13736.888888888889,12967,2747.3777777777777,2742,148,4875,10169,18300,2953.5251818801207,1464.6719769286228,0,0,0,0,,,,,,,,,,,,,,,,,0,0,0,0,1,0,,,September 2023,September 2023,,,
59a99a3343a14357704a97a0,Kratsooo,705808,250,50,0.5646464,14116.16,1,1,14696.5,2823.232,3080.5,0,5000,7578,20353,3307.9286570299546,1523.3801232784942,0,0,0,0,628877,215,43,0.5850018604651163,1,1,14625.046511627907,15190,2925.0093023255813,3243,0,5000,7578,20353,3141.472584632882,1511.845891617264,0,0,0,0,9219,5,1,0.36876,0,0,9219,9219,1843.8,2042,2,4877,8354,15722,,1984.10080389077,0,0,0,0,5,-0.08446666666666669,-0.18390466666666672,-0.08446666666666669,November 2023,August 2024,,,
59b6fa8456e5a24cf0c79c45,Bitcoin,91000,55,11,0.33090909090909093,8272.727272727272,0,0,8159,1654.5454545454545,1296,1,4758,2836,12123,2719.037145755828,1424.7989331832052,0,0,0,0,,,,,,,,,,,,,,,,,0,0,,,91000,55,11,0.33090909090909093,0,0,8272.727272727272,8159,1654.5454545454545,1296,1,4758,2836,12123,2719.037145755828,1424.7989331832052,0,0,,,1,0,,,December 2023,December 2023,,,
59d0b74bd8fe1d5b30651962,Debre,345511,100,20,0.691022,17275.55,1,1,16889,3455.11,3713.5,124,4998,10772,23363,3246.1649680815667,1319.1656453986361,0,3,0,0.15,345511,100,20,0.691022,1,1,17275.55,16889,3455.11,3713.5,124,4998,10772,23363,3246.1649680815667,1319.1656453986361,0,3,0,0.15,,,,,,,,,,,,,,,,,0,0,0,0,1,0,,,September 2023,September 2023,,,
59e21e3539d85572801d5a5e,Sesquipedalism,1440050,500,100,0.57602,14400.5,2,1.33,14551.5,2880.1,3246,0,5000,2499,21566,3572.6795266298377,1579.2089792044624,0,1,0,0.01,938833,300,60,0.6258886666666666,2,1.33,15647.216666666667,15779,3129.443333333333,3592.5,2,5000,8783,21566,3257.110682798483,1485.0373732670837,0,1,0,0.016666666666666666,501217,200,40,0.501217,0,0,12530.425,12620.5,2506.085,2385.5,0,4996,2499,19259,3220.833898231947,1644.897869169998,0,0,0,0,5,0.141218,-0.03463799999999995,0.141218,March 2024,July 2024,,,0.5558288888888889
59fc5f5c39d8552a6c5e81a2,Simi,242313,95,19,0.5101326315789474,12753.315789473685,0,0,13236,2550.6631578947367,2614,1,4949,5818,17722,3629.8679039325934,1614.3974108006987,0,0,0,0,242313,95,19,0.5101326315789474,0,0,12753.315789473685,13236,2550.6631578947367,2614,1,4949,5818,17722,3629.8679039325934,1614.3974108006987,0,0,0,0,,,,,,,,,,,,,,,,,0,0,0,0,1,0,,,November 2023,November 2023,,,
5a33d4491cbd1560d0eaed6b,tozangezan,514115,200,40,0.514115,12852.875,1,1,13092.5,2570.575,2613.5,6,5000,4697,21123,3791.242276615938,1544.7705331213435,0,0,0,0,514115,200,40,0.514115,1,1,12852.875,13092.5,2570.575,2613.5,6,5000,4697,21123,3791.242276615938,1544.7705331213435,0,0,0,0,,,,,,,,,,,,,,,,,0,0,0,0,2,0.16391400000000006,0.16391400000000006,,November 2023,January 2024,,,
5a54c41257f1750a400b7a26,oscar,151712,110,22,0.27584,6896,0,0,6924.5,1379.2,1037,0,4795,671,13099,3079.747554589499,1304.5133192114215,0,0,0,0,11187,5,1,0.44748,0,0,11187,11187,2237.4,2007,1,4313,11187,11187,,1582.9090308669035,0,0,0,0,140525,105,21,0.26766666666666666,0,0,6691.666666666667,6787,1338.3333333333333,988,0,4795,671,13099,2999.102198992225,1284.564517647907,0,0,0,0,3,0.16777199999999998,0.42064,,March 2024,June 2024,,,
5aa25c6242305f89a0f9633a,qwwinkii,109878,50,10,0.439512,10987.8,0,0,10678,2197.56,2038.5,2,4819,6070,18539,3477.6361224256916,1611.0003103662023,0,0,0,0,21356,10,2,0.42712,0,0,10678,10678,2135.6,1822.5,43,4782,10649,10707,41.012193308819754,1921.5886656618268,0,0,0,0,88522,40,8,0.44261,0,0,11065.25,10406,2213.05,2038.5,2,4819,6070,18539,3938.88943739222,1551.5936968162766,0,0,0,0,2,-0.015490000000000004,-0.015490000000000004,,March 2024,April 2024,,,
5b4899f5b56fe41a1831bba4,Lennli,565593,200,40,0.565593,14139.825,0,0,13733.5,2827.965,2765.5,1,4999,9453,19282,2489.9066247552337,1469.0987032871549,0,2,0,0.05,282086,100,20,0.564172,0,0,14104.3,14022.5,2820.86,2669,5,4974,9919,19282,2491.173819708292,1438.0952680542412,0,1,0,0.05,283507,100,20,0.567014,0,0,14175.35,13733.5,2835.07,3098.5,1,4999,9453,18946,2552.834307196611,1506.6794615975887,0,1,0,0.05,2,0.002842000000000011,0.002842000000000011,,September 2023,March 2024,,,
5b51062a4010740f7cd91dd5,Blinky,153646,45,9,0.6828711111111111,17071.777777777777,1,1,17714,3414.3555555555554,3454,59,4999,12492,20181,2654.3170496381927,1396.461241853851,0,1,0,0.1111111111111111,133465,40,8,0.667325,0,0,16683.125,16836,3336.625,3255.5,59,4999,12492,19903,2549.1602538875427,1449.7627392094198,0,1,0,0.125,20181,5,1,0.80724,1,1,20181,20181,4036.2,4376,3232,4630,20181,20181,,643.9689433505315,0,0,0,0,3,0.1766399999999999,0.10319,,September 2023,March 2024,,,
5b7cfb7b602b2e3a94fbb968,ùòöùò≠ùò™ùò∑ùò¶ùò≥,442525,165,33,0.5363939393939394,13409.848484848484,1,1,13204,2681.969696969697,3086,0,4994,4878,20974,4134.67955227488,1566.3575581584173,1,1,0.030303030303030304,0.030303030303030304,417747,155,31,0.5390283870967741,1,1,13475.709677419354,13204,2695.141935483871,3131,0,4994,4878,20974,4169.66605377457,1569.1061149584498,1,1,0.03225806451612903,0.03225806451612903,24778,10,2,0.49556,0,0,12389,12389,2477.8,2047.5,0,4540,8979,15799,4822.468247692254,1590.3807720165632,0,0,0,0,5,0.34248421052631584,0.14080000000000004,0.34248421052631584,October 2023,June 2024,,,
5b8413394ee03584bc721f0b,Bassman (Youtube),49578,30,6,0.33052,8263,0,0,8068,1652.6,1586.5,0,4633,6079,11063,2018.95121288257,1441.5172562269242,0,0,0,0,,,,,,,,,,,,,,,,,0,0,,,49578,30,6,0.33052,0,0,8263,8068,1652.6,1586.5,0,4633,6079,11063,2018.95121288257,1441.5172562269242,0,0,,,1,0,,,March 2024,March 2024,,,
5bf491faaac55b998458ed9a,mk,2089570,655,131,0.638036641221374,15950.91603053435,2,1.2,16250,3190.1832061068703,3611,0,4999,5471,22036,3238.8968801121164,1465.288367523608,1,6,0.007633587786259542,0.04580152671755725,1494966,455,91,0.6571279120879121,2,1.25,16428.197802197803,16825,3285.6395604395602,3677,0,4999,9581,22036,3088.80154752616,1424.101822202331,1,4,0.01098901098901099,0.04395604395604396,594604,200,40,0.594604,1,1,14865.1,14789.5,2973.02,3212,0,4945,5471,21534,3348.1986201538284,1536.5955876547348,0,2,0,0.02197802197802198,8,0.16856666666666664,0.17215666666666662,0.07678666666666667,November 2023,June 2024,,,0.6571444444444444
5c03eed1b5b94ba700403005,Finbarr,2088909,545,109,0.7665721100917431,19164.302752293577,5,1.81,19541,3832.860550458716,4491,0,5000,9895,24198,3434.0567846207787,1373.4183630634914,26,58,0.23853211009174313,0.5321100917431193,1713523,445,89,0.7701226966292135,5,1.74,19253.067415730337,19693,3850.613483146067,4512,0,5000,10415,24198,3394.902944120789,1357.7470309302835,21,47,0.23595505617977527,0.5280898876404494,375386,100,20,0.750772,3,2.33,18769.3,19289.5,3753.86,4371.5,3,5000,9895,23863,3667.514826145901,1445.5327737550608,5,11,0.056179775280898875,0.12359550561797752,5,0.028191999999999995,0.023905999999999983,0.028191999999999995,August 2023,January 2024,,,
5c04ec3b43196563803ba61f,V89,2895322,850,170,0.6812522352941176,17031.305882352943,3,1.23,17749,3406.2611764705885,3850,0,4999,5143,23753,3578.617610195311,1439.1268185952204,4,21,0.023529411764705882,0.12352941176470589,2518920,725,145,0.6948744827586207,3,1.26,17371.862068965518,18013,3474.3724137931035,3924,0,4999,5143,23753,3466.931640514419,1403.7645814024515,4,19,0.027586206896551724,0.1310344827586207,376402,125,25,0.6022432,1,1,15056.08,15379,3011.216,3351,1,4994,7275,21438,3646.4581445561666,1578.073509060969,0,2,0,0.013793103448275862,10,0.18333999999999995,0.09658199999999995,0.176848,August 2023,June 2024,0.7460174934725848,0.7603660030627871,
5c14f357ff3dc98d883d182c,[TNT] Kirania,3169656,1095,219,0.578932602739726,14473.315068493152,1,1,14443,2894.66301369863,3235,0,5000,4887,22335,3589.8310545205327,1548.034883327892,4,13,0.0182648401826484,0.0593607305936073,2075083,700,140,0.5928808571428571,1,1,14822.021428571428,14738,2964.404285714286,3241,0,5000,5329,22335,3440.7071947493587,1502.836318432583,1,5,0.007142857142857143,0.03571428571428571,835192,295,59,0.5662318644067796,1,1,14155.796610169491,14235,2831.159322033898,3305,0,4992,4887,21117,3710.995149552206,1597.3941279471387,3,8,0.02142857142857143,0.05714285714285714,11,-0.000664000000000109,-0.13175400000000004,-0.0643220000000001,August 2023,August 2024,0.6461723214285714,0.6547330158730159,0.625896992481203
5c44c39898004e833c65f405,D3rL30p4rd,67738,30,6,0.4515866666666667,11289.666666666666,0,0,12183.5,2257.9333333333334,2314,16,4802,4539,14754,3748.4595502686166,1519.8328855502502,0,0,0,0,63199,25,5,0.505592,0,0,12639.8,12356,2527.96,2701,16,4802,9814,14754,1972.875059399353,1485.779593344854,0,0,0,0,4539,5,1,0.18156,0,0,4539,4539,907.8,504,41,2253,4539,4539,,875.8858373098631,0,0,0,0,2,0.32403200000000004,0.32403200000000004,,March 2024,April 2024,,,
5c61c05b3d925ba81408c135,Sadziu,332553,110,22,0.6046418181818182,15116.045454545454,1,1,15424.5,3023.2090909090907,3453,1,4997,8905,22028,3072.0279946641112,1584.1395140580264,0,0,0,0,305361,100,20,0.610722,1,1,15268.05,15592,3053.61,3453,8,4997,8905,22028,3133.1848014440516,1570.8908300706323,0,0,0,0,27192,10,2,0.54384,0,0,13596,13596,2719.2,2901,1,4987,11782,15410,2565.383402144794,1770.6425387412332,0,0,0,0,2,0.066882,0.066882,,December 2023,January 2024,,,
5ce9a9b0b741f8576819ddb6,Max,45169,15,3,0.6022533333333333,15056.333333333334,0,0,15028,3011.266666666667,3884,2,4896,13609,16532,1461.7058527624497,1795.499651907513,0,0,0,0,45169,15,3,0.6022533333333333,0,0,15056.333333333334,15028,3011.266666666667,3884,2,4896,13609,16532,1461.7058527624497,1795.499651907513,0,0,0,0,,,,,,,,,,,,,,,,,0,0,0,0,1,0,,,January 2024,January 2024,,,
5d04bea46502df83cc2a542f,Kewin,1052797,405,81,0.5198997530864198,12997.493827160493,1,1,13096,2599.498765432099,2696,1,5000,3480,21605,3677.233334995211,1581.6677906564323,0,1,0,0.012345679012345678,825065,305,61,0.5410262295081967,1,1,13525.655737704918,13183,2705.1311475409834,2894,5,5000,5468,21605,3473.3689697468076,1558.1357450491919,0,1,0,0.01639344262295082,227732,100,20,0.455464,0,0,11386.6,11874,2277.32,2301,1,4975,3480,18680,3900.0014102561554,1616.9724796668618,0,0,0,0,5,0.01455799999999996,0.263974,0.01455799999999996,January 2024,June 2024,,,
5d1f1dea2ea9399fe46edc5c,ronaq,348040,120,24,0.5800666666666666,14501.666666666666,2,1.5,15188,2900.3333333333335,3062.5,1,4992,6045,20163,3753.57323093609,1510.6243742241154,0,1,0,0.041666666666666664,218097,70,14,0.6231342857142858,2,1.5,15578.357142857143,15969.5,3115.6714285714284,3254,67,4991,9558,20163,3489.0561761026433,1359.7161468483046,0,0,0,0,129943,50,10,0.519772,0,0,12994.3,12782,2598.86,2707,1,4992,6045,17932,3754.216962297198,1667.191950556384,0,1,0,0.07142857142857142,2,-0.10336228571428574,-0.10336228571428574,,February 2024,March 2024,,,
5d46fa671d34a0315c268ad0,[TNT] TreezErik,13378,5,1,0.53512,13378,0,0,13378,2675.6,2876,489,3856,13378,13378,,1367.908257157621,0,0,0,0,13378,5,1,0.53512,0,0,13378,13378,2675.6,2876,489,3856,13378,13378,,1367.908257157621,0,0,0,0,,,,,,,,,,,,,,,,,0,0,0,0,1,0,,,November 2023,November 2023,,,
5d91d1dfee473fc2e437b577,eenrandommens,393792,130,26,0.6058338461538462,15145.846153846154,1,1,15130.5,3029.1692307692306,3250,6,4987,9042,20938,3057.966481176666,1429.6482084764768,0,0,0,0,325198,105,21,0.6194247619047619,1,1,15485.619047619048,15543,3097.1238095238095,3352,6,4987,9042,20938,3147.7609502629007,1412.6694588614846,0,0,0,0,68594,25,5,0.548752,0,0,13718.8,13591,2743.76,2503,27,4986,11183,17090,2398.1409466501336,1494.364747978217,0,0,0,0,3,0.033988076923076926,0.09171299999999993,,September 2023,January 2024,,,
5ddd2840db02e1948493a2a0,Illusion,5189153,1350,270,0.7687634074074075,19219.085185185184,12,2.08,19698.5,3843.817037037037,4330.5,0,5000,9659,24354,2994.4947820959715,1248.8254481712006,56,131,0.2074074074074074,0.48518518518518516,3737086,950,190,0.786754947368421,12,2.33,19668.873684210525,20032.5,3933.774736842105,4402,0,5000,10194,24354,2730.485121732034,1170.4435056849177,38,91,0.2,0.4789473684210526,1120723,300,60,0.7471486666666667,5,1.47,18678.716666666667,18906.5,3735.7433333333333,4208,0,4999,9659,23737,2993.274795270224,1312.193964320824,18,40,0.09473684210526316,0.21052631578947367,13,-0.04753799999999997,-0.17935999999999996,-0.18786999999999998,August 2023,August 2024,0.840912,0.8486612865497076,0.8163725925925925
5de7a59044d2a42f78156b33,„Åó„ÅÑ„Å™,2570685,800,160,0.64267125,16066.78125,2,1.14,16308,3213.35625,3685.5,0,4999,6555,23469,3423.263793516357,1505.9160003134305,3,11,0.01875,0.06875,2234824,675,135,0.662170074074074,2,1.14,16554.251851851852,16873,3310.8503703703705,3749,0,4999,6555,23469,3291.6594599077225,1446.9723563358077,3,11,0.022222222222222223,0.08148148148148149,335861,125,25,0.5373776,0,0,13434.44,13554,2686.888,3081,8,4982,6837,19120,2930.2711478632827,1703.2298729179217,0,0,0,0,10,-0.21273947368421048,-0.26348684210526313,-0.17287999999999998,August 2023,May 2024,0.7074210818307906,0.7286848684210526,
5e22476fdba510714ce478df,Melting Ice,651581,215,43,0.6061218604651163,15153.046511627907,1,1,15958,3030.609302325581,3430,0,5000,2112,20968,3865.1095715386905,1513.3383626935517,1,2,0.023255813953488372,0.046511627906976744,634737,210,42,0.6045114285714286,1,1,15112.785714285714,15871.5,3022.557142857143,3406.5,0,5000,2112,20968,3902.8244900328273,1520.094733889964,1,2,0.023809523809523808,0.047619047619047616,16844,5,1,0.67376,0,0,16844,16844,3368.8,3857,1122,4304,16844,16844,,1282.7755064702476,0,0,0,0,5,0.07676000000000005,0.020888000000000018,0.07676000000000005,August 2023,March 2024,,,
5e2e983722bbda85a40e9009,Eamonn,3182679,1060,212,0.6005054716981132,15012.63679245283,3,1.15,15101,3002.5273584905663,3359.5,0,5000,5417,23412,3538.36346352378,1537.866379111007,2,7,0.009433962264150943,0.0330188679245283,2342003,770,154,0.6083124675324675,3,1.2,15207.811688311689,15464.5,3041.5623376623375,3388.5,0,5000,6626,23412,3541.0135554668523,1519.4087665931113,2,3,0.012987012987012988,0.01948051948051948,840676,290,58,0.5797765517241379,1,1,14494.413793103447,14665,2898.88275862069,3280,1,5000,5417,22373,3509.005842115399,1583.8339559436147,0,4,0,0.025974025974025976,11,0.17800926315789478,-0.01872673684210524,0.031041263157894794,August 2023,July 2024,0.6637343815513627,0.6719965367965368,0.6417969348659004
5e3b0e14dba5103fdccf2e4e,lemontree,2235039,1000,200,0.4470078,11175.195,1,1,11235.5,2235.039,2105.5,0,4997,1965,20107,3661.174265177772,1599.700284428305,0,0,0,0,1802657,800,160,0.45066425,1,1,11266.60625,11206.5,2253.32125,2139,0,4997,2149,20107,3604.337248371745,1608.5913091895031,0,0,0,0,432382,200,40,0.432382,0,0,10809.55,11798.5,2161.91,2000,0,4987,1965,17539,3906.4121646339368,1565.4571217379287,0,0,0,0,10,0.24180799999999997,0.082976,0.03429599999999999,August 2023,June 2024,0.4962086666666667,0.500295,0.4798633333333333
5e5939de12777c09acb5eb4b,Pix,6329,5,1,0.25316,6329,0,0,6329,1265.8,1184,827,1877,6329,6329,,382.2525343277661,0,0,0,0,,,,,,,,,,,,,,,,,0,0,,,,,,,,,,,,,827,1877,6329,6329,,,0,0,,,1,0,,,August 2024,August 2024,,,
5e62fc4f8fd6cf1b0056adaa,PenRaiser_SB_32,118074,45,9,0.5247733333333333,13119.333333333334,1,1,12235,2623.866666666667,3082,0,4978,9469,21932,3755.3722851403163,1568.2334009961655,0,0,0,0,71468,25,5,0.571744,1,1,14293.6,12661,2858.72,3312,126,4933,11177,21932,4476.947174135518,1554.1927164930353,0,0,0,0,46606,20,4,0.46606,0,0,11651.5,11183.5,2330.3,2446.5,0,4978,9469,14770,2390.09769674798,1575.081585188526,0,0,0,0,2,0.10568400000000006,0.10568400000000006,,March 2024,July 2024,,,
5e6bd352b3ec1786bc33f817,‚ù§GeoPsique‚ù§,63377,30,6,0.42251333333333335,10562.833333333334,0,0,10280.5,2112.5666666666666,1850.5,17,4791,7378,13667,2560.245691335111,1454.1990922841342,0,0,0,0,63377,30,6,0.42251333333333335,0,0,10562.833333333334,10280.5,2112.5666666666666,1850.5,17,4791,7378,13667,2560.245691335111,1454.1990922841342,0,0,0,0,,,,,,,,,,,,,,,,,0,0,0,0,1,0,,,June 2024,June 2024,,,
5e7054fd2ad6cf16ec368ce1,dev,543917,200,40,0.543917,13597.925,0,0,13544,2719.585,3042,4,4990,6760,19952,3409.825362097009,1564.8891334532298,0,0,0,0,281325,100,20,0.56265,0,0,14066.25,13644.5,2813.25,3184.5,23,4990,7565,17892,3174.0899483158946,1498.507924570304,0,0,0,0,262592,100,20,0.525184,0,0,13129.6,12994,2625.92,2970.5,4,4968,6760,19952,3650.913584296402,1630.7185532764383,0,0,0,0,2,-0.037466,-0.037466,,November 2023,December 2023,,,
5e8e59292ad6cf212829d2bb,Happy Birthday,357168,175,35,0.408192,10204.8,0,0,10413,2040.96,2018,0,5000,3981,15456,3063.2872865599793,1474.7013256927655,0,0,0,0,357168,175,35,0.408192,0,0,10204.8,10413,2040.96,2018,0,5000,3981,15456,3063.2872865599793,1474.7013256927655,0,0,0,0,,,,,,,,,,,,,,,,,0,0,0,0,2,-0.015773333333333306,-0.015773333333333306,,October 2023,November 2023,,,
5e8f73b22ad6cf6e8851b0ca,Tonito,1875326,645,129,0.5814964341085271,14537.410852713178,3,1.18,14918,2907.4821705426357,3113,0,5000,2802,23735,4519.009294082056,1612.327510154187,2,8,0.015503875968992248,0.06201550387596899,1522635,495,99,0.6152060606060606,3,1.2,15380.151515151516,16294,3076.030303030303,3566,0,5000,2802,23735,4225.521269618696,1574.278564930616,1,7,0.010101010101010102,0.0707070707070707,347159,145,29,0.47884,1,1,11971,11371,2394.2,2374,0,4991,4289,21510,4316.646267648069,1609.5719927980854,1,1,0.010101010101010102,0.010101010101010102,10,-0.50808,-0.45872599999999997,-0.33355999999999997,November 2023,August 2024,,0.6800161434977579,
5e9764acd502e1472c1b694d,Alphy,202868,100,20,0.405736,10143.4,0,0,8771.5,2028.68,2183.5,1,4866,3367,19263,4232.030481931812,1584.113316653831,0,0,0,0,202868,100,20,0.405736,0,0,10143.4,8771.5,2028.68,2183.5,1,4866,3367,19263,4232.030481931812,1584.113316653831,0,0,0,0,,,,,,,,,,,,,,,,,0,0,0,0,1,0,,,April 2024,April 2024,,,
5eb8f59b318e46ab803dcba4,·ö±·öÆ·õê·õç·ö¥·õÅ,60867,45,9,0.27052,6763,0,0,7230,1352.6,946,1,4854,3170,9582,2125.853946064969,1424.9466656685786,0,0,0,0,60867,45,9,0.27052,0,0,6763,7230,1352.6,946,1,4854,3170,9582,2125.853946064969,1424.9466656685786,0,0,0,0,,,,,,,,,,,,,,,,,0,0,0,0,1,0,,,August 2023,August 2023,,,
5ec26de5a789c45a9c13cf3c,sp4ghet,159596,50,10,0.638384,15959.6,1,1,15891,3191.92,3599,30,4999,8636,22599,4518.485476351561,1564.410112470512,0,1,0,0.1,159596,50,10,0.638384,1,1,15959.6,15891,3191.92,3599,30,4999,8636,22599,4518.485476351561,1564.410112470512,0,1,0,0.1,,,,,,,,,,,,,,,,,0,0,0,0,1,0,,,January 2024,January 2024,,,
5eccd6d68d6ade72cc836cb8,≈†≈•√Ω–¥ƒì≈à»õ,136789,60,12,0.45596333333333333,11399.083333333334,0,0,10522.5,2279.8166666666666,2257.5,1,5000,5101,16990,3612.5544978588214,1577.3569665741486,0,0,0,0,136789,60,12,0.45596333333333333,0,0,11399.083333333334,10522.5,2279.8166666666666,2257.5,1,5000,5101,16990,3612.5544978588214,1577.3569665741486,0,0,0,0,,,,,,,,,,,,,,,,,0,0,0,0,2,0.0599533333333333,0.0599533333333333,,April 2024,July 2024,,,
5ed51eab282ad28b94ff9efc,Salex,12530,5,1,0.5012,12530,0,0,12530,2506,2781,31,4780,12530,12530,,2243.6777843531813,0,0,0,0,,,,,,,,,,,,,,,,,0,0,,,12530,5,1,0.5012,0,0,12530,12530,2506,2781,31,4780,12530,12530,,2243.6777843531813,0,0,,,1,0,,,March 2024,March 2024,,,
5ed7d66d5d34e779bccc6590,kirilka,34789,10,2,0.69578,17394.5,0,0,17394.5,3478.9,4044,535,4640,16266,18523,1595.9401617855226,1279.6229913533127,0,0,0,0,34789,10,2,0.69578,0,0,17394.5,17394.5,3478.9,4044,535,4640,16266,18523,1595.9401617855226,1279.6229913533127,0,0,0,0,,,,,,,,,,,,,,,,,0,0,0,0,1,0,,,January 2024,January 2024,,,
5ee933f15426a914442197e4,Jeif,1183017,310,62,0.7632367741935484,19080.91935483871,5,1.87,19267,3816.1838709677418,4206.5,1,4997,11553,23530,2438.1544249698377,1190.9903442093894,11,20,0.1774193548387097,0.3225806451612903,757999,195,39,0.7774348717948718,6,1.8,19435.871794871793,19514,3887.174358974359,4277,29,4997,14578,23530,2153.259157649167,1141.8156593776423,7,12,0.1794871794871795,0.3076923076923077,425018,115,23,0.7391617391304348,3,1.67,18479.043478260868,19026,3695.808695652174,4174,1,4990,11553,23198,2805.732168258403,1266.048577267081,4,8,0.10256410256410256,0.20512820512820512,7,-0.01648000000000005,-0.007637333333333385,0.019259999999999944,October 2023,May 2024,,,
5eedb3d29d57a84ae09c4290,Hydro,100462,55,11,0.36531636363636366,9132.90909090909,0,0,7892,1826.581818181818,1626,8,4486,5002,17175,3507.512936540648,1346.1879512163225,0,0,0,0,100462,55,11,0.36531636363636366,0,0,9132.90909090909,7892,1826.581818181818,1626,8,4486,5002,17175,3507.512936540648,1346.1879512163225,0,0,0,0,,,,,,,,,,,,,,,,,0,0,0,0,1,0,,,August 2023,August 2023,,,
5ef35fd819612a2940d22de2,Mich,54322,25,5,0.434576,10864.4,0,0,10335,2172.88,2038,1,4784,8738,13590,1847.7118281810071,1629.7950791433873,0,0,0,0,,,,,,,,,,,,,,,,,0,0,,,54322,25,5,0.434576,0,0,10864.4,10335,2172.88,2038,1,4784,8738,13590,1847.7118281810071,1629.7950791433873,0,0,,,1,0,,,March 2024,March 2024,,,
5f07412b8551644f80314987,hyacinthsj,784381,265,53,0.5919856603773584,14799.641509433963,1,1,15019,2959.9283018867923,3286,0,4989,6827,20945,3052.23983330275,1480.3915022722874,0,0,0,0,667889,220,44,0.6071718181818182,1,1,15179.295454545454,15488.5,3035.859090909091,3401.5,0,4989,6827,20945,2964.1155510539734,1485.3359889264111,0,0,0,0,107433,40,8,0.537165,0,0,13429.125,13375,2685.825,2774,5,4757,8974,17166,2733.914226891546,1391.157791194083,0,0,0,0,8,-0.28659999999999997,-0.22758526315789473,-0.22304000000000002,October 2023,August 2024,,,
5f172e581874328b38c066f7,flipster22,1160157,410,82,0.5659302439024391,14148.256097560976,1,1,14237.5,2829.651219512195,3152,0,5000,6643,21734,3640.852922049997,1645.60839813122,0,3,0,0.036585365853658534,622998,210,42,0.5933314285714286,1,1,14833.285714285714,14983.5,2966.657142857143,3339.5,0,5000,7292,21734,3227.9253399048744,1634.0403911776477,0,2,0,0.047619047619047616,537159,200,40,0.537159,1,1,13428.975,13748,2685.795,2887,0,5000,6643,21406,3942.266860576539,1649.5068960146848,0,1,0,0.023809523809523808,6,0.0023560000000000247,0.06198199999999998,0.05130000000000001,November 2023,July 2024,,,0.5962355555555555
5f29c8819762af0001d89a97,Capi,69493,25,5,0.555944,13898.6,0,0,14403,2779.72,3345,4,4975,11229,16472,2377.9962153039687,1739.1181673480385,0,0,0,0,69493,25,5,0.555944,0,0,13898.6,14403,2779.72,3345,4,4975,11229,16472,2377.9962153039687,1739.1181673480385,0,0,0,0,,,,,,,,,,,,,,,,,0,0,0,0,1,0,,,June 2024,June 2024,,,
5f3c49af588cd80001d51f51,bones,1743907,605,121,0.5764981818181818,14412.454545454546,1,1,14170,2882.490909090909,3239,0,4999,3133,24207,3897.7431931824344,1618.5320509647006,3,6,0.024793388429752067,0.049586776859504134,983389,310,62,0.6344445161290323,1,1,15861.112903225807,16260.5,3172.222580645161,3632,0,4999,4267,23398,3717.3127390629916,1547.8559364488674,1,1,0.016129032258064516,0.016129032258064516,515678,200,40,0.515678,1,1,12891.95,12787.5,2578.39,2867.5,0,4990,3133,24207,3392.879013463345,1609.769859327724,2,5,0.03225806451612903,0.08064516129032258,7,0.03121263157894738,-0.1504293684210526,-0.10411136842105262,February 2024,August 2024,,,0.5722388888888889
5f66872ebcfad7000142d950,Phorcys,3308005,1280,256,0.51687578125,12921.89453125,1,1,13059.5,2584.37890625,2743.5,0,5000,1909,22403,3442.90110226826,1624.699049054932,0,1,0,0.00390625,2326024,880,176,0.5286418181818182,1,1,13216.045454545454,13381,2643.2090909090907,2813.5,0,5000,1909,22403,3463.8989592654116,1619.5940849484477,0,0,0,0,750042,300,60,0.500028,1,1,12500.7,12570.5,2500.14,2590,0,4999,4404,22132,3071.597304335319,1620.6285817546227,0,1,0,0.005681818181818182,13,0.03772600000000004,-0.07436831578947367,-0.06427399999999994,August 2023,August 2024,0.5780472693032015,0.585919191919192,0.5549562962962963
5f7ddfaa5e57b3000189a24e,swangambit,172596,65,13,0.5310646153846154,13276.615384615385,0,0,13431,2655.3230769230768,2853,0,4986,7718,17422,2916.4906994537114,1529.788220637092,0,0,0,0,,,,,,,,,,,,,,,,,0,0,,,172596,65,13,0.5310646153846154,0,0,13276.615384615385,13431,2655.3230769230768,2853,0,4986,7718,17422,2916.4906994537114,1529.788220637092,0,0,,,1,0,,,December 2023,December 2023,,,
5f85ce00fc3aec0001758b8d,Xander,1244746,440,88,0.5657936363636363,14144.84090909091,1,1,13825.5,2828.9681818181816,3198.5,0,5000,5937,22898,3615.0446746893736,1566.7775847260516,1,4,0.011363636363636364,0.045454545454545456,907519,300,60,0.6050126666666666,1,1,15125.316666666668,14655.5,3025.0633333333335,3378,0,5000,8310,22898,3290.2176219818652,1483.0202291270339,1,4,0.016666666666666666,0.06666666666666667,337227,140,28,0.48175285714285715,0,0,12043.82142857143,11611,2408.7642857142855,2473,1,4981,5937,18525,3426.354622627378,1661.6551988905521,0,0,0,0,5,-0.05127666666666664,-0.14073066666666667,-0.05127666666666664,November 2023,March 2024,,,
5f903357aae2c100010dbdd4,nestor,16457,5,1,0.65828,16457,0,0,16457,3291.4,3352,2291,4388,16457,16457,,795.7587574133256,0,0,0,0,16457,5,1,0.65828,0,0,16457,16457,3291.4,3352,2291,4388,16457,16457,,795.7587574133256,0,0,0,0,,,,,,,,,,,,,,,,,0,0,0,0,1,0,,,February 2024,February 2024,,,
5f91a2db3d05310001d589c3,Daan,450345,250,50,0.360276,9006.9,0,0,9477.5,1801.38,1552.5,0,5000,681,18104,3270.923417018503,1568.5346664960898,0,0,0,0,157181,100,20,0.314362,0,0,7859.05,7873.5,1571.81,1034.5,0,5000,681,18104,3712.7881706340318,1480.6478311874164,0,0,0,0,88057,50,10,0.352228,0,0,8805.7,9291,1761.14,1649,0,4981,3866,15157,2996.6020756850585,1426.3372672688602,0,0,0,0,3,0.09585200000000005,0.05798600000000004,,October 2023,August 2024,,,
5f9adbbe6ca2e400010530f4,Pup,253791,200,40,0.253791,6344.775,0,0,6045.5,1268.955,819.5,0,4922,1830,14622,3316.1902840458356,1320.3662370721238,0,0,0,0,110013,100,20,0.220026,0,0,5500.65,5558,1100.13,706,1,4922,1830,11287,2779.860068420711,1203.0731482333067,0,0,0,0,143778,100,20,0.287556,0,0,7188.9,6247.5,1437.78,948,0,4920,2016,14622,3653.123321214328,1413.9943422800532,0,0,0,0,2,0.06752999999999998,0.06752999999999998,,November 2023,December 2023,,,
5fa7ab03b45c670001342904,kent,4057174,1330,266,0.6101013533834586,15252.533834586466,2,1.25,15456.5,3050.506766917293,3436.5,0,4999,3718,23575,3603.2067662014624,1532.2747795353157,4,14,0.015037593984962405,0.05263157894736842,2958502,940,188,0.6294685106382979,2,1.21,15736.712765957447,15928.5,3147.3425531914895,3532.5,0,4999,7184,23575,3440.8096430927417,1479.0219741437245,2,8,0.010638297872340425,0.0425531914893617,843979,290,58,0.5820544827586207,2,1.5,14551.362068965518,14636.5,2910.2724137931036,3362,0,4999,3718,22104,3586.2018905800605,1621.1579195130869,2,6,0.010638297872340425,0.031914893617021274,13,-0.028676222222222214,-0.14361599999999997,-0.13369799999999998,August 2023,August 2024,0.6814404697380307,0.6928683215130024,0.6443984674329502
5fba6bb84876100001068d07,Sadu,2971,5,1,0.11884,2971,0,0,2971,594.2,80,1,2796,2971,2971,,1231.522634789958,0,0,0,0,,,,,,,,,,,,,,,,,0,0,,,2971,5,1,0.11884,0,0,2971,2971,594.2,80,1,2796,2971,2971,,1231.522634789958,0,0,,,1,0,,,December 2023,December 2023,,,
5fe6c5e7ae5ccd000197c9e7,logan,4768377,1310,262,0.7279964885496183,18199.91221374046,6,1.56,18605,3639.9824427480917,4130,0,5000,7776,24406,3381.2337984824417,1363.1228851427886,23,89,0.08778625954198473,0.33969465648854963,3481126,940,188,0.7406651063829788,6,1.79,18516.627659574468,18734.5,3703.3255319148934,4222,0,5000,7776,24406,3338.0101857244235,1326.995478515281,13,59,0.06914893617021277,0.31382978723404253,952635,270,54,0.7056555555555556,1,1,17641.38888888889,18414,3528.277777777778,3958,0,4998,9309,23310,3378.221869563928,1400.1974860711614,10,30,0.05319148936170213,0.1595744680851064,13,-0.022519578947368335,-0.14915,-0.09365599999999996,August 2023,August 2024,0.7991823691460055,0.8069940898345154,0.7719860082304527
5ff0a98c0c42b3000156c799,Alexeycraggy,597143,210,42,0.568707619047619,14217.690476190477,1,1,13814.5,2843.538095238095,3049,0,5000,5361,21981,3878.6443508009343,1576.9537088957304,1,3,0.023809523809523808,0.07142857142857142,597143,210,42,0.568707619047619,1,1,14217.690476190477,13814.5,2843.538095238095,3049,0,5000,5361,21981,3878.6443508009343,1576.9537088957304,1,3,0.023809523809523808,0.07142857142857142,,,,,,,,,,,,,,,,,0,0,0,0,3,-0.02354400000000001,-0.07615000000000005,,August 2023,October 2023,,,
5ff10c165de5560001f37f9d,vaivod,109409,45,9,0.4862622222222222,12156.555555555555,0,0,11791,2431.311111111111,2681,2,4730,9570,15667,2102.4935196095134,1539.9146080221462,0,0,0,0,51106,20,4,0.51106,0,0,12776.5,12424,2555.3,2765,2,4592,10591,15667,2174.1888142477414,1572.943419198542,0,0,0,0,,,,,,,,,,,49,4730,9570,14097,,,0,0,0,0,2,-0.044635999999999953,-0.044635999999999953,,April 2024,August 2024,,,
5ffa660ae8ee080001350d46,AlphaZero4000,315945,135,27,0.4680666666666667,11701.666666666666,0,0,11971,2340.3333333333335,2459,0,4887,6429,18705,2877.166835621459,1554.6420809948506,0,0,0,0,119394,50,10,0.477576,0,0,11939.4,12067.5,2387.88,2741,1,4677,6846,18705,3278.4560390525294,1481.2768141032925,0,0,0,0,196551,85,17,0.4624729411764706,0,0,11561.823529411764,10483,2312.364705882353,2327,0,4887,6429,15722,2711.0678707844995,1604.2047874258449,0,0,0,0,2,0.015103058823529414,0.015103058823529414,,March 2024,April 2024,,,
5ffb5e4975d2770001545cf5,Geooo,1574256,515,103,0.6113615533980582,15284.038834951456,1,1,15131,3056.8077669902914,3426,0,4992,7959,22420,3052.44393887914,1543.3868601228921,5,7,0.04854368932038835,0.06796116504854369,817527,265,53,0.6170015094339623,1,1,15425.037735849057,15328,3085.0075471698115,3435,0,4990,7959,20454,2896.7730321859876,1500.4312713350118,1,1,0.018867924528301886,0.018867924528301886,452586,150,30,0.603448,1,1,15086.2,15074,3017.24,3341.5,0,4992,8457,22420,2967.6590100616345,1528.3638310297715,4,6,0.07547169811320754,0.11320754716981132,7,-0.006066000000000016,-0.07694199999999995,0.01210599999999995,November 2023,August 2024,,,0.6652237037037037
60069f898c6114000112b409,icepelican,2172298,1000,200,0.4344596,10861.49,1,1,10616,2172.298,2112.5,0,5000,1771,20941,3841.27947434185,1582.5324641219845,0,0,0,0,1353362,600,120,0.45112066666666667,1,1,11278.016666666666,10746.5,2255.6033333333335,2201,0,5000,2593,20059,3844.4921641225906,1580.0335439477226,0,0,0,0,652945,300,60,0.43529666666666667,1,1,10882.416666666666,11355.5,2176.483333333333,2250.5,1,4985,1771,20941,3692.59637653508,1614.381615356171,0,0,0,0,10,-0.02977000000000002,-0.123116,-0.06828000000000001,November 2023,August 2024,0.49502716049382717,0.5008018518518519,0.4834777777777778
600801c48b224300016f36fd,Mada,74909,25,5,0.599272,14981.8,0,0,15738,2996.36,3400,61,4961,9687,19906,4414.052106624932,1584.7053353857302,0,0,0,0,74909,25,5,0.599272,0,0,14981.8,15738,2996.36,3400,61,4961,9687,19906,4414.052106624932,1584.7053353857302,0,0,0,0,,,,,,,,,,,,,,,,,0,0,0,0,1,0,,,February 2024,February 2024,,,
6016ae33d48bd30001e71782,[TNT] Diablo,158673,50,10,0.634692,15867.3,0,0,14429.5,3173.46,3285,142,4869,13152,19754,2823.0972353073494,1286.4808587771527,0,1,0,0.1,84268,25,5,0.674144,0,0,16853.6,17105,3370.72,3630,180,4869,13152,19754,2831.7227971678303,1198.069697471729,0,0,0,0,74405,25,5,0.59524,0,0,14881,13818,2976.2,3266,142,4782,13253,19752,2735.2519079602157,1364.7670130831855,0,1,0,0.2,3,-0.10505999999999993,0.036880000000000024,,November 2023,January 2024,,,
601ab5166d405900012c6669,Matteo Kinkela,150345,100,20,0.30069,7517.25,0,0,7418,1503.45,1274.5,1,4751,1657,15669,3357.321253618724,1430.9336113181491,0,0,0,0,150345,100,20,0.30069,0,0,7517.25,7418,1503.45,1274.5,1,4751,1657,15669,3357.321253618724,1430.9336113181491,0,0,0,0,,,,,,,,,,,,,,,,,0,0,0,0,1,0,,,April 2024,April 2024,,,
601f1d75228a5e00019741e1,davedavedave,1529777,585,117,0.5230006837606838,13075.017094017094,1,1,13774,2615.0034188034188,2854,0,5000,3248,20887,3801.053669707914,1657.1034970695102,0,1,0,0.008547008547008548,874296,300,60,0.582864,1,1,14571.6,14910,2914.32,3193.5,1,5000,6060,20887,3296.575192529362,1564.7076404236032,0,0,0,0,425941,185,37,0.46047675675675676,0,0,11511.918918918918,12500,2302.3837837837837,2191,0,4978,3248,19546,3964.309902114112,1699.8573469559144,0,1,0,0.016666666666666666,6,0.011458823529411744,-0.09976800000000002,-0.13815000000000005,March 2024,August 2024,,,0.5095377245508982
602004f5fe36ae000125a538,Michiel,17178,10,2,0.34356,8589,0,0,8589,1717.8,1539,224,3878,5519,11659,4341.635636485402,1241.4757347608531,0,0,0,0,,,,,,,,,,,,,,,,,0,0,,,,,,,,,,,,,224,3878,5519,11659,,,0,0,,,1,0,,,August 2024,August 2024,,,
602099d9d7d2210001491973,Bog,4110,5,1,0.1644,4110,0,0,4110,822,467,10,2356,4110,4110,,956.5526645198371,0,0,0,0,,,,,,,,,,,,,,,,,0,0,,,4110,5,1,0.1644,0,0,4110,4110,822,467,10,2356,4110,4110,,956.5526645198371,0,0,,,1,0,,,May 2024,May 2024,,,
60254c17b8832e000134884b,jason543,418704,160,32,0.52338,13084.5,1,1,13223.5,2616.9,2575.5,2,5000,4975,21839,3736.368691657717,1642.4146857599635,0,1,0,0.03125,418704,160,32,0.52338,1,1,13084.5,13223.5,2616.9,2575.5,2,5000,4975,21839,3736.368691657717,1642.4146857599635,0,1,0,0.03125,,,,,,,,,,,,,,,,,0,0,0,0,5,0.20321028571428573,0.14537600000000006,0.20321028571428573,September 2023,June 2024,,,
602c2727cf4011000175b4ee,morica,750184,305,61,0.4919239344262295,12298.098360655738,1,1,12354,2459.6196721311476,2484,0,4998,2321,21303,3818.232444469561,1531.3778109924408,1,2,0.01639344262295082,0.03278688524590164,608776,240,48,0.5073133333333333,1,1,12682.833333333334,13059,2536.5666666666666,2566,0,4998,2321,21303,4054.748204266203,1543.0424491892632,1,2,0.020833333333333332,0.041666666666666664,141408,65,13,0.4351015384615385,0,0,10877.538461538461,10848,2175.507692307692,1898,0,4983,7681,17316,2392.1548862897653,1464.1226041558132,0,0,0,0,7,0.09919999999999995,-0.11408571428571429,-0.060048000000000046,August 2023,March 2024,,,
603b1b0d5cdb1b0001bbf19e,Moo,20822,5,1,0.83288,20822,1,1,20822,4164.4,4408,3331,4993,20822,20822,,682.5064102263069,0,0,0,0,20822,5,1,0.83288,1,1,20822,20822,4164.4,4408,3331,4993,20822,20822,,682.5064102263069,0,0,0,0,,,,,,,,,,,,,,,,,0,0,0,0,1,0,,,July 2024,July 2024,,,
603cd68ed3dc740001d9dc4b,devens,135512,55,11,0.4927709090909091,12319.272727272728,0,0,12356,2463.8545454545456,2393,0,4880,10637,14140,1179.6630874957477,1500.2809736845961,0,0,0,0,135512,55,11,0.4927709090909091,0,0,12319.272727272728,12356,2463.8545454545456,2393,0,4880,10637,14140,1179.6630874957477,1500.2809736845961,0,0,0,0,,,,,,,,,,,,,,,,,0,0,0,0,1,0,,,August 2023,August 2023,,,
603e28ef0297940001b93db1,fatslump(washed),70133,25,5,0.561064,14026.6,0,0,14499,2805.32,3062,1,4991,5986,19523,5080.03897622843,1712.2196120825156,0,0,0,0,70133,25,5,0.561064,0,0,14026.6,14499,2805.32,3062,1,4991,5986,19523,5080.03897622843,1712.2196120825156,0,0,0,0,,,,,,,,,,,,,,,,,0,0,0,0,1,0,,,January 2024,January 2024,,,
603ea83990c952000180974c,TabBluu.,627268,205,41,0.6119687804878049,15299.219512195123,2,1.25,15387,3059.8439024390245,3457,0,4951,5944,21874,3548.4344435257644,1455.2876004419195,1,4,0.024390243902439025,0.0975609756097561,340127,105,21,0.6478609523809524,2,1.33,16196.52380952381,15774,3239.304761904762,3537,15,4948,9860,21874,3264.1132026938035,1335.8783627261878,0,2,0,0.09523809523809523,,,,,,,,,,,0,4951,5944,21218,,,1,2,0.047619047619047616,0.09523809523809523,3,-0.1472380000000001,-0.06989600000000007,,November 2023,August 2024,,,
60423e2590c952000182b4a0,Pigeon,2195114,710,142,0.6183419718309859,15458.549295774648,1,1,15623.5,3091.7098591549297,3545.5,0,5000,2014,23235,3772.359208771084,1561.1242743612695,3,11,0.02112676056338028,0.07746478873239436,1442208,430,86,0.6707944186046512,1,1,16769.86046511628,17096,3353.9720930232556,3795,0,5000,6909,23235,3125.263828863093,1409.8131081813647,2,6,0.023255813953488372,0.06976744186046512,519817,180,36,0.5775744444444444,1,1,14439.361111111111,14411.5,2887.8722222222223,3303.5,0,4997,2014,21262,3490.734736412952,1629.1270668674067,1,5,0.011627906976744186,0.05813953488372093,8,-0.19446200000000002,-0.207858,-0.11964082352941174,August 2023,August 2024,0.7084,,0.6403691358024691
6053be97302f9500010c3c4c,marcel,33434,20,4,0.33434,8358.5,0,0,8046.5,1671.7,1519,47,4243,4863,12478,3249.600590841896,1167.8326078680968,0,0,0,0,33434,20,4,0.33434,0,0,8358.5,8046.5,1671.7,1519,47,4243,4863,12478,3249.600590841896,1167.8326078680968,0,0,0,0,,,,,,,,,,,,,,,,,0,0,0,0,3,-0.0006199999999999539,-0.22011999999999998,,August 2023,October 2023,,,
6056fd798ddd1c00018baf23,Trabota,1662736,450,90,0.7389937777777777,18474.844444444443,3,1.32,18827.5,3694.968888888889,4185.5,0,5000,10248,23386,2925.7869026981443,1329.4141566870724,9,30,0.1,0.3333333333333333,1662736,450,90,0.7389937777777777,3,1.32,18474.844444444443,18827.5,3694.968888888889,4185.5,0,5000,10248,23386,2925.7869026981443,1329.4141566870724,9,30,0.1,0.3333333333333333,,,,,,,,,,,,,,,,,0,0,0,0,4,0.031241999999999992,0.0599533333333333,,August 2023,November 2023,0.8051017283950618,0.8051017283950618,
605b1842045b9e0001837397,brunooo_ooo,3031970,1065,213,0.5693840375586855,14234.600938967136,2,1.09,14184,2846.9201877934274,3138,0,5000,5267,23397,3667.621981611518,1621.2908437414924,2,10,0.009389671361502348,0.046948356807511735,2091322,700,140,0.5975205714285714,2,1.11,14938.014285714286,14729,2987.602857142857,3325.5,0,5000,6919,23397,3432.1114492393745,1571.7550699775077,2,6,0.014285714285714285,0.04285714285714286,757950,290,58,0.5227241379310344,1,1,13068.103448275862,12583.5,2613.6206896551726,2746.5,0,4994,5267,22525,3969.1830393671694,1696.3039232401723,0,4,0,0.02857142857142857,11,-0.03819533333333336,-0.24738133333333334,-0.09871733333333332,August 2023,August 2024,0.636841975308642,0.660392380952381,0.5799961685823755
6060aef763c4b80001aae836,Jasper,134419,95,19,0.28298736842105265,7074.684210526316,0,0,7507,1414.9368421052632,947,0,4748,1216,13000,3645.285036866116,1389.4394553200223,0,0,0,0,134419,95,19,0.28298736842105265,0,0,7074.684210526316,7507,1414.9368421052632,947,0,4748,1216,13000,3645.285036866116,1389.4394553200223,0,0,0,0,,,,,,,,,,,,,,,,,0,0,0,0,1,0,,,November 2023,November 2023,,,
6061d595010c4e000197240f,bakonysanchez,77891,40,8,0.389455,9736.375,0,0,9739.5,1947.275,1796,2,4633,6956,11912,1642.485920792017,1476.592022191641,0,0,0,0,77891,40,8,0.389455,0,0,9736.375,9739.5,1947.275,1796,2,4633,6956,11912,1642.485920792017,1476.592022191641,0,0,0,0,,,,,,,,,,,,,,,,,0,0,0,0,1,0,,,June 2024,June 2024,,,
606402814f3a8e00016f860e,Dyll,104000,50,10,0.416,10400,0,0,10484,2080,1705.5,11,4977,3521,16899,4352.641496838442,1488.2590500312774,0,0,0,0,104000,50,10,0.416,0,0,10400,10484,2080,1705.5,11,4977,3521,16899,4352.641496838442,1488.2590500312774,0,0,0,0,,,,,,,,,,,,,,,,,0,0,0,0,1,0,,,January 2024,January 2024,,,
606a0edba9cfc800017a0f46,S Ricciardi,54332,25,5,0.434656,10866.4,0,0,10097,2173.28,1950,1,4727,6540,15585,3398.9807295717346,1803.4042807978472,0,0,0,0,54332,25,5,0.434656,0,0,10866.4,10097,2173.28,1950,1,4727,6540,15585,3398.9807295717346,1803.4042807978472,0,0,0,0,,,,,,,,,,,,,,,,,0,0,0,0,1,0,,,June 2024,June 2024,,,
607334e1fec6f00001f676a2,hoki,45804,20,4,0.45804,11451,0,0,13099.5,2290.2,2184.5,182,4807,5941,13664,3703.0256547855565,1651.974576075552,0,0,0,0,45804,20,4,0.45804,0,0,11451,13099.5,2290.2,2184.5,182,4807,5941,13664,3703.0256547855565,1651.974576075552,0,0,0,0,,,,,,,,,,,,,,,,,0,0,0,0,1,0,,,August 2023,August 2023,,,
60806a19bafa9b000125bcc7,malfunctionn,791557,320,64,0.494723125,12368.078125,1,1,11921.5,2473.615625,2744.5,0,4991,6593,20242,3656.365134939343,1549.875156262594,0,0,0,0,542803,220,44,0.49345727272727274,0,0,12336.431818181818,11921.5,2467.2863636363636,2754,0,4991,7026,19845,3701.6901545105043,1578.7811754641616,0,0,0,0,248754,100,20,0.497508,1,1,12437.7,12102.5,2487.54,2524.5,3,4771,6593,20242,3648.348256403163,1491.9896112238853,0,0,0,0,4,0.05396200000000001,-0.088872,,August 2023,May 2024,,,
608168d3f5fe530001aec797,kaiser,1177680,735,147,0.3204571428571429,8011.428571428572,0,0,7837,1602.2857142857142,1266,0,4997,823,16924,3419.9565786717235,1437.1475220032214,0,0,0,0,844485,535,107,0.31569532710280374,0,0,7892.383177570094,7312,1578.4766355140187,1242,0,4997,823,16924,3548.2818377349904,1415.6641550876395,0,0,0,0,333195,200,40,0.333195,0,0,8329.875,8914.5,1665.975,1298.5,0,4960,1525,13535,3069.6452563773555,1494.869225049469,0,0,0,0,8,-0.029974,-0.05451400000000001,-0.09037600000000001,September 2023,April 2024,0.35560996978851966,0.3501904564315353,0.37012222222222224
608513f3eb35e60001fa2633,cry about it,43448,15,3,0.5793066666666666,14482.666666666666,0,0,17101,2896.5333333333333,3258,2,4876,8023,18324,5627.557374207748,1496.2436298945436,0,0,0,0,,,,,,,,,,,,,,,,,0,0,,,43448,15,3,0.5793066666666666,0,0,14482.666666666666,17101,2896.5333333333333,3258,2,4876,8023,18324,5627.557374207748,1496.2436298945436,0,0,,,1,0,,,March 2024,March 2024,,,
60859c21128efc0001559603,antidotess,858551,300,60,0.5723673333333333,14309.183333333332,1,1,13724.5,2861.8366666666666,3184,2,4999,8285,21694,3593.784634615714,1575.3567849855474,0,4,0,0.06666666666666667,313924,100,20,0.627848,1,1,15696.2,15377.5,3139.24,3540,6,4999,10570,21694,3066.524090888575,1587.3717271011224,0,1,0,0.05,544627,200,40,0.544627,1,1,13615.675,13174.5,2723.135,3042.5,2,4972,8285,21485,3671.1616690088713,1554.770401056053,0,3,0,0.15,3,0.07948999999999995,0.08695199999999992,,March 2024,June 2024,,,0.6030277777777778
6098f58ffac408000119da5a,Cassa,743102,535,107,0.27779514018691587,6944.878504672897,0,0,6785,1388.9757009345794,994,0,4993,644,13596,3102.286576059665,1342.076748923101,0,0,0,0,595717,435,87,0.2738928735632184,0,0,6847.3218390804595,6641,1369.464367816092,954,0,4993,644,13596,3066.0539786507347,1321.2244321083379,0,0,0,0,147385,100,20,0.29477,0,0,7369.25,7621.5,1473.85,1103.5,0,4667,2757,12688,3302.9040252480845,1433.1353739266922,0,0,0,0,5,0.11509678160919537,0.034589333333333305,0.11509678160919537,October 2023,February 2024,,,
60995f8f8eb3fe0001e057c2,Starc,452063,185,37,0.48871675675675674,12217.918918918918,1,1,12131,2443.583783783784,2674,0,4996,2219,20529,4168.688162959662,1601.8014858277538,0,0,0,0,431005,170,34,0.507064705882353,1,1,12676.617647058823,12859.5,2535.323529411765,2746,1,4996,4157,20529,3892.5184649529924,1579.374876335571,0,0,0,0,21058,15,3,0.2807733333333333,0,0,7019.333333333333,8235,1403.8666666666666,624,0,4538,2219,10604,4322.66584412906,1532.913891906522,0,0,0,0,5,0.14385600000000004,0.04168000000000005,0.14385600000000004,February 2024,July 2024,,,
60a55176895a250001d9e2d8,emshanoff,1785135,480,96,0.74380625,18595.15625,4,1.94,19084,3719.03125,4192,0,5000,10274,23824,3002.333758928211,1316.0550900323285,10,27,0.10416666666666667,0.28125,1755586,470,94,0.7470578723404255,4,1.94,18676.44680851064,19146,3735.2893617021277,4208.5,0,5000,10274,23824,2966.123901660212,1299.7338189029322,10,27,0.10638297872340426,0.2872340425531915,29549,10,2,0.59098,0,0,14774.5,14774.5,2954.9,3704.5,1,4753,12736,16813,2882.8744336165596,1867.258685881525,0,0,0,0,6,0.07465999999999995,0.09018799999999993,0.10420133333333337,August 2023,February 2024,,,
60ab9a9195cb750001fb3b69,stepanartt,239399,85,17,0.5632917647058824,14082.29411764706,1,1,14160,2816.458823529412,3140,2,5000,7987,20141,3479.832036176459,1746.2199174216287,0,3,0,0.17647058823529413,164440,60,12,0.5481333333333334,1,1,13703.333333333334,13248,2740.6666666666665,3007.5,2,5000,7987,20141,3863.3768907524413,1675.1277563218873,0,1,0,0.08333333333333333,74959,25,5,0.599672,0,0,14991.8,14469,2998.36,3260,41,4984,11676,17975,2434.433404305815,1930.1429998836875,0,2,0,0.16666666666666666,3,-0.061151999999999984,0.13203199999999998,,October 2023,May 2024,,,
60b1162519261200015e3ca2,John Harvey Kellogg,110866,35,7,0.63352,15838,0,0,15982,3167.6,3600,138,4957,12732,18987,2525.2469186200387,1439.3283155694535,0,1,0,0.14285714285714285,32542,10,2,0.65084,0,0,16271,16271,3254.2,3590.5,785,4898,13555,18987,3841.0040354053262,1365.7302076178883,0,0,0,0,78324,25,5,0.626592,0,0,15664.8,15982,3132.96,3600,138,4957,12732,18059,2397.0269084847587,1493.6629472541656,0,1,0,0.5,2,0.024247999999999936,0.024247999999999936,,December 2023,July 2024,,,
60bcbc7bf9c48d00010901f5,Abyss,8967,5,1,0.35868,8967,0,0,8967,1793.4,1655,2,3678,8967,8967,,1744.5154054923103,0,0,0,0,,,,,,,,,,,,,,,,,0,0,,,8967,5,1,0.35868,0,0,8967,8967,1793.4,1655,2,3678,8967,8967,,1744.5154054923103,0,0,,,1,0,,,December 2023,December 2023,,,
60c5dcc9dcd637000191fd5d,VishTheFish,20699,15,3,0.27598666666666666,6899.666666666667,0,0,7077,1379.9333333333334,1082,74,4271,2806,10816,4007.9433628732827,1299.9469219933558,0,0,0,0,20699,15,3,0.27598666666666666,0,0,6899.666666666667,7077,1379.9333333333334,1082,74,4271,2806,10816,4007.9433628732827,1299.9469219933558,0,0,0,0,,,,,,,,,,,,,,,,,0,0,0,0,1,0,,,October 2023,October 2023,,,
60df18727b07ec0001e05ece,r1czz.,216941,60,12,0.7231366666666666,18078.416666666668,2,1.5,17417.5,3615.6833333333334,3787,615,4983,14525,23602,2622.238356824185,1077.9216112500947,0,1,0,0.08333333333333333,216941,60,12,0.7231366666666666,2,1.5,18078.416666666668,17417.5,3615.6833333333334,3787,615,4983,14525,23602,2622.238356824185,1077.9216112500947,0,1,0,0.08333333333333333,,,,,,,,,,,,,,,,,0,0,0,0,3,-0.10822399999999999,-0.1013666666666666,,August 2023,April 2024,,,
60e6fefd864e960001667155,ƒê…Ñ¬ß“ú∆¶√ò–ò,238071,100,20,0.476142,11903.55,0,0,11378.5,2380.71,2373,0,4991,7396,17128,2908.567860648948,1394.7892313894597,0,0,0,0,,,,,,,,,,,,,,,,,0,0,,,238071,100,20,0.476142,0,0,11903.55,11378.5,2380.71,2373,0,4991,7396,17128,2908.567860648948,1394.7892313894597,0,0,,,1,0,,,March 2024,March 2024,,,0.52482
612fc1ddd0cf470001098a99,Tanger#0350,652705,255,51,0.5119254901960785,12798.137254901962,1,1,12959,2559.627450980392,2533,0,5000,4949,20369,3330.2367783687696,1512.5266939793162,0,0,0,0,652705,255,51,0.5119254901960785,1,1,12798.137254901962,12959,2559.627450980392,2533,0,5000,4949,20369,3330.2367783687696,1512.5266939793162,0,0,0,0,,,,,,,,,,,,,,,,,0,0,0,0,3,-0.06495200000000001,0.014106666666666656,,September 2023,November 2023,,0.5641252173913044,
613672d814c06f00017c58e0,tombolo,248649,100,20,0.497298,12432.45,0,0,13587.5,2486.49,2563.5,1,4975,3935,18897,4237.145501395958,1637.6962477822315,0,0,0,0,,,,,,,,,,,,,,,,,0,0,,,248649,100,20,0.497298,0,0,12432.45,13587.5,2486.49,2563.5,1,4975,3935,18897,4237.145501395958,1637.6962477822315,0,0,,,1,0,,,March 2024,March 2024,,,0.5515244444444445
6140b47f0a3a920001f0031e,Blueb,40813,15,3,0.5441733333333333,13604.333333333334,0,0,12445,2720.866666666667,2993,4,4886,9922,18446,4378.662352819637,1958.779977434934,0,0,0,0,40813,15,3,0.5441733333333333,0,0,13604.333333333334,12445,2720.866666666667,2993,4,4886,9922,18446,4378.662352819637,1958.779977434934,0,0,0,0,,,,,,,,,,,,,,,,,0,0,0,0,1,0,,,June 2024,June 2024,,,
615c32f565de950001753a64,lemon,17069,5,1,0.68276,17069,0,0,17069,3413.8,3627,1571,4498,17069,17069,,1138.240747820952,0,0,0,0,17069,5,1,0.68276,0,0,17069,17069,3413.8,3627,1571,4498,17069,17069,,1138.240747820952,0,0,0,0,,,,,,,,,,,,,,,,,0,0,0,0,1,0,,,November 2023,November 2023,,,
61a0aa0b508e25000188294f,Ant3k,1271506,390,78,0.6520543589743589,16301.358974358975,2,1.5,16647,3260.271794871795,3577.5,0,4993,5881,23540,3289.9930091111137,1395.2537403640958,3,5,0.038461538461538464,0.0641025641025641,822277,245,49,0.6712465306122449,2,1.5,16781.163265306124,17156,3356.2326530612245,3645,0,4993,5881,23540,3563.1305056087967,1363.0689637725598,3,5,0.061224489795918366,0.10204081632653061,449229,145,29,0.6196262068965517,0,0,15490.655172413793,16059,3098.1310344827584,3405,1,4965,9750,19493,2630.2402932051664,1438.241634774908,0,0,0,0,9,0.17212799999999995,0.007495999999999947,0.14667666666666668,October 2023,July 2024,,,
61bc94ddf786cb0001188493,hulosit,5633,5,1,0.22532,5633,0,0,5633,1126.6,803,472,2050,5633,5633,,644.4354118140933,0,0,0,0,,,,,,,,,,,,,,,,,0,0,,,,,,,,,,,,,472,2050,5633,5633,,,0,0,,,1,0,,,August 2024,August 2024,,,
61e59e86ccc0f20001d33f9f,Lysol55,51952,20,4,0.51952,12988,0,0,12521,2597.6,2919,24,4882,7819,19091,4665.349933284748,1716.2170608638057,0,0,0,0,51952,20,4,0.51952,0,0,12988,12521,2597.6,2919,24,4882,7819,19091,4665.349933284748,1716.2170608638057,0,0,0,0,,,,,,,,,,,,,,,,,0,0,0,0,2,-0.27568,-0.27568,,June 2024,July 2024,,,
61f63ef33d94a3000139614d,„ÇØ„É™„Éó„Éà„Éä„Ç§„Éà,580804,220,44,0.5280036363636363,13200.09090909091,1,1,13085,2640.018181818182,2975.5,7,4974,4887,21003,3813.824982874804,1552.3111801439813,0,1,0,0.022727272727272728,291936,120,24,0.48656,1,1,12164,12352.5,2432.8,2385.5,8,4880,4887,20171,3623.6041450467515,1587.4989763776227,0,0,0,0,288868,100,20,0.577736,1,1,14443.4,14883,2888.68,3179.5,7,4974,8387,21003,3747.0309579719246,1478.7501479289867,0,1,0,0.041666666666666664,3,0.18230600000000002,0.07295000000000007,,October 2023,December 2023,,,
6201965f19c16500017cd2ce,„Ç¢„Ç≠„Éä„Éà„É´,4067500,1075,215,0.7567441860465116,18918.60465116279,8,1.81,19457,3783.720930232558,4279,0,5000,6999,24803,3339.9893712405733,1303.7331015203995,38,98,0.17674418604651163,0.4558139534883721,2994319,775,155,0.7727274838709678,8,1.97,19318.187096774192,19704,3863.6374193548386,4305,0,5000,6999,24803,3197.8438048159887,1231.2928165144147,27,69,0.17419354838709677,0.44516129032258067,745932,200,40,0.745932,2,1.33,18648.3,19060,3729.66,4288.5,8,5000,8592,24226,3108.2035004162776,1372.3261274201552,11,29,0.07096774193548387,0.1870967741935484,11,-0.09399599999999997,-0.162752,-0.136992,August 2023,August 2024,0.8316610478359909,0.8359358166189111,0.8150844444444444
6205a2c750ff4f0001cbded7,Kround7159,4142,5,1,0.16568,4142,0,0,4142,828.4,502,43,1804,4142,4142,,810.404837103037,0,0,0,0,,,,,,,,,,,,,,,,,0,0,,,4142,5,1,0.16568,0,0,4142,4142,828.4,502,43,1804,4142,4142,,810.404837103037,0,0,,,1,0,,,March 2024,March 2024,,,
6208f41304f54b000118a55d,Rich√°rd Varsz√°misz,7101,5,1,0.28404,7101,0,0,7101,1420.2,1493,77,2690,7101,7101,,1074.8925527698107,0,0,0,0,7101,5,1,0.28404,0,0,7101,7101,1420.2,1493,77,2690,7101,7101,,1074.8925527698107,0,0,0,0,,,,,,,,,,,,,,,,,0,0,0,0,1,0,,,August 2023,August 2023,,,
62097f1950ff4f0001cdc748,PyloteD'Avion,12214,15,3,0.16285333333333332,4071.3333333333335,0,0,3662,814.2666666666667,211,3,3611,1535,7017,2763.8281422693417,1165.6924980456895,0,0,0,0,8552,10,2,0.17104,0,0,4276,4276,855.2,226.5,3,3611,1535,7017,3876.3593744646537,1280.3233966463317,0,0,0,0,3662,5,1,0.14648,0,0,3662,3662,732.4,211,4,2414,3662,3662,,1027.18450144071,0,0,0,0,2,0.02456,0.02456,,March 2024,April 2024,,,
621688225a265e000124cc8d,GramenMystace,396225,150,30,0.5283,13207.5,0,0,14043,2641.5,2914.5,0,4900,4821,19891,3757.141865833655,1562.9216231148637,0,0,0,0,396225,150,30,0.5283,0,0,13207.5,14043,2641.5,2914.5,0,4900,4821,19891,3757.141865833655,1562.9216231148637,0,0,0,0,,,,,,,,,,,,,,,,,0,0,0,0,2,0.014700000000000046,0.014700000000000046,,June 2024,July 2024,,,
622d5637fbf42a00013d06b1,flickshot,187442,65,13,0.5767446153846154,14418.615384615385,0,0,14129,2883.723076923077,3196,5,4999,8216,19273,3349.9543280468765,1551.7641573383503,0,0,0,0,187442,65,13,0.5767446153846154,0,0,14418.615384615385,14129,2883.723076923077,3196,5,4999,8216,19273,3349.9543280468765,1551.7641573383503,0,0,0,0,,,,,,,,,,,,,,,,,0,0,0,0,1,0,,,June 2024,June 2024,,,
62501808475510c8f5f4ef79,Tom,545617,200,40,0.545617,13640.425,1,1,14231.5,2728.085,2845.5,1,4965,6814,20353,3463.5646377684366,1523.2235554901322,0,0,0,0,310216,100,20,0.620432,1,1,15510.8,15619.5,3102.16,3246.5,89,4964,11186,20353,2192.3396178512126,1372.2940646960476,0,0,0,0,235401,100,20,0.470802,0,0,11770.05,12122.5,2354.01,2298.5,1,4965,6814,17509,3528.844428421293,1580.498339132313,0,0,0,0,2,0.14962999999999999,0.14962999999999999,,December 2023,January 2024,,,
62615ba79810147e10f029ea,ùìùùì≤ùì∞ùì±ùìΩùì∞ùì∏ùì≠,59910,25,5,0.47928,11982,0,0,12641,2396.4,2846,9,4997,5244,18875,5404.0094374454975,1520.9930966312766,0,0,0,0,54666,20,4,0.54666,0,0,13666.5,13808.5,2733.3,2948,9,4997,8174,18875,4474.463431518912,1461.403435058232,0,0,0,0,5244,5,1,0.20976,0,0,5244,5244,1048.8,1158,16,2316,5244,5244,,947.843868999531,0,0,0,0,4,0.34258000000000005,-0.20265999999999995,,December 2023,April 2024,,,
626be1db347a090f4e84683f,VehicleRonald,859831,240,48,0.7165258333333333,17913.145833333332,3,1.38,18287,3582.6291666666666,4108,0,5000,11184,22644,3192.3156172283466,1397.8347541823389,6,15,0.125,0.3125,859831,240,48,0.7165258333333333,3,1.38,17913.145833333332,18287,3582.6291666666666,4108,0,5000,11184,22644,3192.3156172283466,1397.8347541823389,6,15,0.125,0.3125,,,,,,,,,,,,,,,,,0,0,0,0,3,0.018005999999999966,-0.0024919999999999387,,August 2023,November 2023,,0.7859851851851852,
62942d7b391564acaee575be,kazuro,539710,200,40,0.53971,13492.75,1,1,13662.5,2698.55,3078.5,0,4999,5188,22368,4227.305643078106,1546.650897908122,0,0,0,0,539710,200,40,0.53971,1,1,13492.75,13662.5,2698.55,3078.5,0,4999,5188,22368,4227.305643078106,1546.650897908122,0,0,0,0,,,,,,,,,,,,,,,,,0,0,0,0,2,0.10719200000000001,0.10719200000000001,,August 2023,February 2024,,,
62ab7d3b8c54d1371af90469,Levente Peter Kerekes,4624,5,1,0.18496,4624,0,0,4624,924.8,92,6,4290,4624,4624,,1882.3445486945263,0,0,0,0,4624,5,1,0.18496,0,0,4624,4624,924.8,92,6,4290,4624,4624,,1882.3445486945263,0,0,0,0,,,,,,,,,,,,,,,,,0,0,0,0,1,0,,,August 2023,August 2023,,,
62bfd10dea6140a9ef5f3224,Program,968223,355,71,0.5454777464788733,13636.94366197183,1,1,13562,2727.3887323943663,2971,1,5000,5074,21405,3803.8412164547562,1600.2252966379453,1,3,0.014084507042253521,0.04225352112676056,440503,155,31,0.5683909677419355,1,1,14209.774193548386,14564,2841.9548387096775,3094,1,5000,5074,21405,4325.320797351336,1651.9234243753554,0,1,0,0.03225806451612903,527720,200,40,0.52772,1,1,13193,12814.5,2638.6,2932,1,4991,6659,21264,3334.116224728826,1557.3477453671032,1,2,0.03225806451612903,0.06451612903225806,5,-0.024594571428571466,-0.07901599999999998,-0.024594571428571466,January 2024,May 2024,,,0.5843133333333334
62c0257a2e7b083b8fb3ffdf,yark,2387703,710,142,0.6725923943661972,16814.809859154928,2,1.1,16975.5,3362.961971830986,3744,0,4999,8950,23286,3116.456000010268,1410.527560879262,2,23,0.014084507042253521,0.1619718309859155,1615425,465,93,0.6948064516129032,2,1.1,17370.16129032258,17704,3474.032258064516,3891,0,4999,8950,23286,3273.489422619233,1353.0794507345088,2,15,0.021505376344086023,0.16129032258064516,459855,145,29,0.6342827586206896,0,0,15857.068965517241,16273,3171.4137931034484,3524,0,4987,10155,19548,2414.2864370244056,1467.670603371206,0,8,0,0.08602150537634409,10,-0.029060666666666624,-0.11815399999999998,0.007332666666666654,August 2023,August 2024,0.7453189090909091,,0.6962290076335877
62d17b25f827cbfd7205c25d,deshawn,731574,220,44,0.6650672727272727,16626.68181818182,5,2,16174,3325.336363636364,3874,0,4994,7646,23555,3787.9330775503413,1506.7445038890967,4,7,0.09090909090909091,0.1590909090909091,415020,120,24,0.6917,5,2,17292.5,17467,3458.5,4054.5,0,4994,7646,23555,4183.175707521739,1510.9870945841992,2,5,0.08333333333333333,0.20833333333333334,316554,100,20,0.633108,2,2,15827.7,15893.5,3165.54,3605,6,4930,10156,21539,3171.416245149791,1493.4975728135616,2,2,0.08333333333333333,0.08333333333333333,3,0.2049074999999999,0.19519699999999995,,November 2023,January 2024,,,
62e14841f938d5507c4d31f6,Jerome,173107,65,13,0.5326369230769231,13315.923076923076,0,0,13651,2663.1846153846154,2677,1,4974,6494,16696,3009.0206047815623,1338.6597775387143,0,0,0,0,173107,65,13,0.5326369230769231,0,0,13315.923076923076,13651,2663.1846153846154,2677,1,4974,6494,16696,3009.0206047815623,1338.6597775387143,0,0,0,0,,,,,,,,,,,,,,,,,0,0,0,0,1,0,,,January 2024,January 2024,,,
62e7791e257a6510556a1a03,Bokaiùã¢ùãØùã´ùã°ùã©,21995,10,2,0.4399,10997.5,0,0,10997.5,2199.5,2424,57,4178,10413,11582,826.6081296479003,1515.6549739304128,0,0,0,0,,,,,,,,,,,,,,,,,0,0,,,21995,10,2,0.4399,0,0,10997.5,10997.5,2199.5,2424,57,4178,10413,11582,826.6081296479003,1515.6549739304128,0,0,,,1,0,,,December 2023,December 2023,,,
62f0c9a9822a3f816d659d84,Adams,333115,120,24,0.5551916666666666,13879.791666666666,0,0,13396.5,2775.9583333333335,2831,0,4988,7584,19878,3232.1308760630345,1479.3512091454145,0,0,0,0,315595,110,22,0.5738090909090909,0,0,14345.227272727272,13527,2869.0454545454545,2944.5,0,4988,8892,19878,2930.277631897701,1451.6500955808876,0,0,0,0,7584,5,1,0.30336,0,0,7584,7584,1516.8,1223,92,3812,7584,9936,,1447.462607461761,0,0,0,0,5,-0.018866666666666643,-0.21155058823529416,-0.018866666666666643,October 2023,August 2024,,,
631092b3f84123ad62736883,LaziiQQ –ë–û–ì,12626,5,1,0.50504,12626,0,0,12626,2525.2,2757,44,4612,12626,12626,,1800.3574645053131,0,0,0,0,12626,5,1,0.50504,0,0,12626,12626,2525.2,2757,44,4612,12626,12626,,1800.3574645053131,0,0,0,0,,,,,,,,,,,,,,,,,0,0,0,0,1,0,,,October 2023,October 2023,,,
631d3543233913017a7ac6c6,nitro,156836,55,11,0.5703127272727273,14257.818181818182,1,1,14202,2851.5636363636363,3112,32,4976,7273,21443,4181.505350947192,1635.2174167369915,1,1,0.09090909090909091,0.09090909090909091,156836,55,11,0.5703127272727273,1,1,14257.818181818182,14202,2851.5636363636363,3112,32,4976,7273,21443,4181.505350947192,1635.2174167369915,1,1,0.09090909090909091,0.09090909090909091,,,,,,,,,,,,,,,,,0,0,0,0,1,0,,,October 2023,October 2023,,,
632cb7c86205b55bcde7dcb7,y4suo,99358,30,6,0.6623866666666667,16559.666666666668,1,1,16718,3311.9333333333334,3548,620,4996,11179,23093,3877.449548350049,1402.16404175831,1,1,0.16666666666666666,0.16666666666666666,99358,30,6,0.6623866666666667,1,1,16559.666666666668,16718,3311.9333333333334,3548,620,4996,11179,23093,3877.449548350049,1402.16404175831,1,1,0.16666666666666666,0.16666666666666666,,,,,,,,,,,,,,,,,0,0,0,0,1,0,,,November 2023,November 2023,,,
6330202c43032ef573d382eb,Jakob,292892,100,20,0.585784,14644.6,1,1,14554.5,2928.92,3101.5,0,4961,7484,21794,4071.277686427198,1486.4777159446421,1,2,0.05,0.1,292892,100,20,0.585784,1,1,14644.6,14554.5,2928.92,3101.5,0,4961,7484,21794,4071.277686427198,1486.4777159446421,1,2,0.05,0.1,,,,,,,,,,,,,,,,,0,0,0,0,1,0,,,July 2024,July 2024,,,
633102d69d4a5044970cce21,Elcu,383527,145,29,0.5290027586206897,13225.068965517241,1,1,13989,2645.0137931034483,2811,0,4982,6493,20205,3679.8650790484153,1491.0499656282482,0,0,0,0,297187,110,22,0.54034,1,1,13508.5,14142.5,2701.7,2917,10,4982,6493,20205,3772.7871660087058,1460.3129801518578,0,0,0,0,86340,35,7,0.49337142857142857,0,0,12334.285714285714,12973,2466.8571428571427,2712,0,4693,8078,17219,3486.288140702085,1592.5991334921666,0,0,0,0,3,0.03825057142857147,-0.09589799999999993,,March 2024,July 2024,,,
633a62ba560e8238dea97807,leero,109567,30,6,0.7304466666666667,18261.166666666668,1,1,18236,3652.233333333333,3978.5,1104,4990,16132,20525,1887.599004026014,1133.9889770187363,0,0,0,0,109567,30,6,0.7304466666666667,1,1,18261.166666666668,18236,3652.233333333333,3978.5,1104,4990,16132,20525,1887.599004026014,1133.9889770187363,0,0,0,0,,,,,,,,,,,,,,,,,0,0,0,0,1,0,,,February 2024,February 2024,,,
6376f2fd270414a1000e1fbf,bobasucker,1936283,700,140,0.5532237142857143,13830.592857142858,1,1,14011.5,2766.1185714285716,3082.5,0,5000,2762,22838,3979.279583040126,1628.2275639479883,1,6,0.007142857142857143,0.04285714285714286,1206318,400,80,0.603159,1,1,15078.975,15115,3015.795,3301.5,4,5000,2762,22838,3560.7924679767566,1554.7675067353318,1,3,0.0125,0.0375,512955,200,40,0.512955,1,1,12823.875,13004.5,2564.775,2544,0,4994,4078,20387,4153.731695716516,1658.6171951357553,0,3,0,0.0375,7,-0.15396799999999994,-0.171302,-0.15080999999999994,February 2024,August 2024,0.6345114814814815,,0.5696077777777778
63890678411c174863e40d57,GeoTeacher,123989,40,8,0.619945,15498.625,0,0,16387,3099.725,3332.5,5,4955,10864,18866,2976.866137400202,1354.6010482795293,0,0,0,0,,,,,,,,,,,,,,,,,0,0,,,123989,40,8,0.619945,0,0,15498.625,16387,3099.725,3332.5,5,4955,10864,18866,2976.866137400202,1354.6010482795293,0,0,,,1,0,,,March 2024,March 2024,,,
63b6e8ccb8148b72cafa0adb,KZT,4446766,1240,248,0.7172203225806452,17930.50806451613,7,1.62,18695.5,3586.101612903226,4232.5,0,5000,7231,24374,3749.8198623400563,1493.0743451014084,26,82,0.10483870967741936,0.33064516129032256,3140796,845,169,0.7433836686390533,7,1.76,18584.59171597633,19298,3716.918343195266,4292,0,5000,9435,24374,3536.787525424732,1397.653748250975,18,56,0.10650887573964497,0.33136094674556216,997438,300,60,0.6649586666666667,2,1.17,16623.966666666667,16706.5,3324.7933333333335,4045,0,4994,7231,23757,3780.032010446472,1660.7115944678656,8,26,0.047337278106508875,0.15384615384615385,12,0.030334736842105192,-0.16392294736842106,-0.15059894736842105,August 2023,August 2024,0.7931189136760427,0.8129981603153745,0.7370888888888889
63bc59f483352dc1648f8e9a,nevergiveup.,364735,100,20,0.72947,18236.75,3,2,17748,3647.35,4220,1,5000,14412,23413,2843.766516435553,1511.3298779551735,1,7,0.05,0.35,185585,45,9,0.8248222222222222,3,2,20620.555555555555,20715,4124.111111111111,4460,40,5000,16931,23413,2124.691977675823,1071.9776117065132,0,3,0,0.3333333333333333,179150,55,11,0.6514545454545455,0,0,16286.363636363636,15924,3257.2727272727275,3929,1,4968,14412,19394,1566.9014008545655,1704.9404681689036,1,4,0.1111111111111111,0.4444444444444444,2,-0.17336767676767673,-0.17336767676767673,,April 2024,May 2024,,,
63bcd8027039017494d42999,KANMURU,20400,10,2,0.408,10200,0,0,10200,2040,1966,0,4850,9767,10633,612.3544725075502,1727.5731532991592,0,0,0,0,,,,,,,,,,,,,,,,,0,0,,,20400,10,2,0.408,0,0,10200,10200,2040,1966,0,4850,9767,10633,612.3544725075502,1727.5731532991592,0,0,,,1,0,,,December 2023,December 2023,,,
63cffe929512ebc734808b0b,Rylleon,1838884,595,119,0.618112268907563,15452.806722689076,2,1.1,15980,3090.5613445378153,3523,0,4997,4940,22937,3840.870083718011,1558.466874848484,3,8,0.025210084033613446,0.06722689075630252,1279886,395,79,0.6480435443037975,2,1.14,16201.088607594937,16773,3240.217721518987,3633,1,4997,4940,22937,3523.7165039202573,1458.9455096061677,1,4,0.012658227848101266,0.05063291139240506,558998,200,40,0.558998,1,1,13974.95,13289.5,2794.99,2966,0,4992,7832,22879,4053.108436743335,1703.914023652602,2,4,0.02531645569620253,0.05063291139240506,6,0.13251600000000008,0.07140800000000003,0.20179200000000003,November 2023,April 2024,,,0.6199266666666666
63e223415109acb72e8c3318,GabrielGeoo,3256836,1145,229,0.5688796506550219,14221.991266375546,2,1.2,13873,2844.3982532751093,3193,0,5000,5028,22942,3774.3839232383343,1629.3397435771337,2,11,0.008733624454148471,0.048034934497816595,2466642,825,165,0.5979738181818182,2,1.22,14949.345454545455,15135,2989.869090909091,3420,0,5000,5503,22942,3751.4337259239965,1581.6014036412587,1,8,0.006060606060606061,0.048484848484848485,567916,225,45,0.5048142222222223,1,1,12620.355555555556,12534,2524.071111111111,2572,0,4993,5028,20114,3295.4532313477002,1703.3232224096519,1,3,0.006060606060606061,0.01818181818181818,13,-0.1701963157894737,-0.2479583157894737,-0.1206923157894737,August 2023,August 2024,0.6387632135306553,0.6605596231493943,0.5589862068965518
64007150a74fcc57ff691bea,mostiqq,12615,5,1,0.5046,12615,0,0,12615,2523,2712,1071,4008,12615,12615,,1306.6388177304393,0,0,0,0,12615,5,1,0.5046,0,0,12615,12615,2523,2712,1071,4008,12615,12615,,1306.6388177304393,0,0,0,0,,,,,,,,,,,,,,,,,0,0,0,0,1,0,,,February 2024,February 2024,,,
6407f630fd61426c650d8579,jkwon,1603078,665,133,0.4821287218045113,12053.218045112782,1,1,11884,2410.6436090225566,2537,0,5000,3409,22614,3893.0441816141774,1607.65388065964,0,1,0,0.007518796992481203,1182090,470,94,0.5030170212765958,1,1,12575.425531914894,12437,2515.0851063829787,2684.5,0,5000,3409,22614,3829.0472705361058,1554.7273072793184,0,1,0,0.010638297872340425,420988,195,39,0.4317825641025641,0,0,10794.564102564103,10618,2158.9128205128204,1952,0,4919,4718,19217,3803.1064933814305,1706.569951686716,0,0,0,0,8,-0.024204000000000003,0.0126,-0.13124200000000003,August 2023,July 2024,,,
64179ee2585e69f92ec514fc,ÔΩ∫ÔΩ∫ÔΩΩ,315301,100,20,0.630602,15765.05,1,1,15234,3153.01,3628,4,4997,10299,22378,3075.0798363619765,1509.2133712633215,0,2,0,0.1,315301,100,20,0.630602,1,1,15765.05,15234,3153.01,3628,4,4997,10299,22378,3075.0798363619765,1509.2133712633215,0,2,0,0.1,,,,,,,,,,,,,,,,,0,0,0,0,1,0,,,July 2024,July 2024,,,
6420e452357e1c2d41c78157,angjusevi,435528,150,30,0.580704,14517.6,1,1,13893.5,2903.52,3154.5,0,4997,8235,23049,3615.756905545504,1469.5244128628826,0,1,0,0.03333333333333333,435528,150,30,0.580704,1,1,14517.6,13893.5,2903.52,3154.5,0,4997,8235,23049,3615.756905545504,1469.5244128628826,0,1,0,0.03333333333333333,,,,,,,,,,,,,,,,,0,0,0,0,1,0,,,October 2023,October 2023,,,
642548987a0ec1cc8ffe5698,insomnia (5kftw),7816,5,1,0.31264,7816,0,0,7816,1563.2,1003,3,3442,7816,7816,,1564.1806161693733,0,0,0,0,,,,,,,,,,,,,,,,,0,0,,,7816,5,1,0.31264,0,0,7816,7816,1563.2,1003,3,3442,7816,7816,,1564.1806161693733,0,0,,,1,0,,,December 2023,December 2023,,,
64302511da72523ce5182c88,[Geo] Scooby Poo,26388,35,7,0.15078857142857144,3769.714285714286,0,0,3720,753.9428571428572,308,1,4219,1961,5315,1396.193396345936,958.6985970574902,0,0,0,0,26388,35,7,0.15078857142857144,0,0,3769.714285714286,3720,753.9428571428572,308,1,4219,1961,5315,1396.193396345936,958.6985970574902,0,0,0,0,,,,,,,,,,,,,,,,,0,0,0,0,2,0.04016399999999999,0.04016399999999999,,April 2024,June 2024,,,
6458e4b2ea1e908b38f447e4,LedOooo,6277,5,1,0.25108,6277,0,0,6277,1255.4,1088,73,2926,6277,6277,,1050.378027188307,0,0,0,0,6277,5,1,0.25108,0,0,6277,6277,1255.4,1088,73,2926,6277,6277,,1050.378027188307,0,0,0,0,,,,,,,,,,,,,,,,,0,0,0,0,1,0,,,February 2024,February 2024,,,
6460e8bfec20ce42ae0b90bb,Spirit Donk,250705,80,16,0.6267625,15669.0625,1,1,16954,3133.8125,3450.5,1,4987,9837,20782,3547.1212271361687,1497.423453803232,1,1,0.0625,0.0625,86627,25,5,0.693016,0,0,17325.4,18231,3465.08,3869,45,4987,13150,19685,2495.8447467741257,1435.1707215519693,0,0,0,0,164078,55,11,0.5966472727272727,1,1,14916.181818181818,16581,2983.2363636363634,3263,1,4844,9837,20782,3792.910228307546,1513.6188423774329,1,1,0.2,0.2,2,-0.09636872727272727,-0.09636872727272727,,February 2024,March 2024,,,
64899fdf6552c09cf38d9d8e,Ë±ÜË±ÜÂÜñ,2134457,660,132,0.6468051515151515,16170.128787878788,3,1.28,16598,3234.025757575758,3692,0,4999,7179,24153,3694.515123801769,1568.9700443284441,4,12,0.030303030303030304,0.09090909090909091,1551749,460,92,0.6746734782608695,3,1.31,16866.83695652174,16936,3373.3673913043476,3818,1,4999,9539,22527,3300.2549901484886,1462.4411099254562,2,9,0.021739130434782608,0.09782608695652174,582708,200,40,0.582708,1,1,14567.7,14776,2913.54,3500,0,4997,7179,24153,4081.1184741440675,1752.3658293860904,2,3,0.021739130434782608,0.03260869565217391,8,0.10062625386996904,0.11817512605042024,0.010889411764705925,November 2023,June 2024,,,0.6466655555555556
6494f9bbab07ca3ea843220f,Kakaageo,15734,5,1,0.62936,15734,0,0,15734,3146.8,3457,1380,4513,15734,15734,,1439.9569438007513,0,0,0,0,15734,5,1,0.62936,0,0,15734,15734,3146.8,3457,1380,4513,15734,15734,,1439.9569438007513,0,0,0,0,,,,,,,,,,,,,,,,,0,0,0,0,1,0,,,November 2023,November 2023,,,
64b2b2afd22a6256877948e5,constella,12972,10,2,0.25944,6486,0,0,6486,1297.2,822.5,21,3373,2324,10648,5885.956846596821,1378.4705292460917,0,0,0,0,10648,5,1,0.42592,0,0,10648,10648,2129.6,2963,43,3373,10648,10648,,1506.1799361298106,0,0,0,0,2324,5,1,0.09296,0,0,2324,2324,464.8,276,21,1305,2324,2324,,524.0286251723278,0,0,0,0,2,-0.33296000000000003,-0.33296000000000003,,April 2024,May 2024,,,
64e250e234185dd27cfb93a5,bomboclatt69,43158,25,5,0.345264,8631.6,0,0,9281,1726.32,1425,1,4263,5721,9818,1681.5843719540212,1294.4060413950485,0,0,0,0,43158,25,5,0.345264,0,0,8631.6,9281,1726.32,1425,1,4263,5721,9818,1681.5843719540212,1294.4060413950485,0,0,0,0,,,,,,,,,,,,,,,,,0,0,0,0,1,0,,,February 2024,February 2024,,,
64ed17355f2bccc9d751cce4,Novoosibirsk,322003,105,21,0.6133390476190477,15333.47619047619,0,0,15355,3066.695238095238,3278,66,4999,10314,19519,2281.1225306852766,1395.7682472387742,0,1,0,0.047619047619047616,322003,105,21,0.6133390476190477,0,0,15333.47619047619,15355,3066.695238095238,3278,66,4999,10314,19519,2281.1225306852766,1395.7682472387742,0,1,0,0.047619047619047616,,,,,,,,,,,,,,,,,0,0,0,0,2,0.05357199999999995,0.05357199999999995,,November 2023,June 2024,,,
65196df73b287bbf7203f3f7,frey44,9943,5,1,0.39772,9943,0,0,9943,1988.6,1491,12,4828,9943,9943,,1897.4398541192288,0,0,0,0,9943,5,1,0.39772,0,0,9943,9943,1988.6,1491,12,4828,9943,9943,,1897.4398541192288,0,0,0,0,,,,,,,,,,,,,,,,,0,0,0,0,1,0,,,January 2024,January 2024,,,
65699a3d8312d2834b4eed93,Elements,1039617,450,90,0.462052,11551.3,0,0,11569.5,2310.26,2335.5,0,4993,2324,19350,3982.2354274954664,1553.9140902894214,0,1,0,0.011111111111111112,738875,300,60,0.4925833333333333,0,0,12314.583333333334,12176,2462.9166666666665,2621.5,1,4993,2324,19350,3868.583461682066,1551.4805831849783,0,0,0,0,122218,55,11,0.4444290909090909,0,0,11110.727272727272,11677,2222.1454545454544,2361,0,4976,4008,18826,3748.357106786919,1461.4889667732698,0,1,0,0.016666666666666666,7,-0.09958666666666666,-0.11733473684210527,-0.05168800000000001,February 2024,August 2024,,,
657136033b7d1f7babadbed4,SnowyMarsh339,79390,65,13,0.24427692307692309,6106.923076923077,0,0,6161,1221.3846153846155,873,0,4495,802,9886,2466.325201590415,1262.5715821291085,0,0,0,0,79390,65,13,0.24427692307692309,0,0,6106.923076923077,6161,1221.3846153846155,873,0,4495,802,9886,2466.325201590415,1262.5715821291085,0,0,0,0,,,,,,,,,,,,,,,,,0,0,0,0,1,0,,,November 2023,November 2023,,,
65a45a24590a680e4a85cc05,TropicalHill119,206306,75,15,0.5501493333333334,13753.733333333334,0,0,14983,2750.7466666666664,2734,12,4916,4686,17958,3677.014685855905,1366.453438650582,0,0,0,0,206306,75,15,0.5501493333333334,0,0,13753.733333333334,14983,2750.7466666666664,2734,12,4916,4686,17958,3677.014685855905,1366.453438650582,0,0,0,0,,,,,,,,,,,,,,,,,0,0,0,0,2,0.1801828571428571,0.1801828571428571,,January 2024,June 2024,,,
65ac336c51500ca754b0bb4a,Torog0d,6126,5,1,0.24504,6126,0,0,6126,1225.2,224,41,2977,6126,6126,,1539.1835498081443,0,0,0,0,,,,,,,,,,,,,,,,,0,0,,,,,,,,,,,,,41,2977,6126,6126,,,0,0,,,1,0,,,August 2024,August 2024,,,
662d0189162adfc26f7751ac,Looks Like Something I Luzon,288883,110,22,0.5252418181818181,13131.045454545454,0,0,13487,2626.2090909090907,2644.5,4,4990,8055,17548,2843.0979582138916,1646.6626855552415,0,1,0,0.045454545454545456,26096,10,2,0.52192,0,0,13048,13048,2609.6,3109.5,11,4966,8548,17548,6363.961030678927,1687.555628712725,0,0,0,0,262787,100,20,0.525574,0,0,13139.35,13487,2627.87,2621,4,4990,8055,16923,2608.005368092635,1651.1998667635605,0,1,0,0.5,3,0.36,0.176346,,April 2024,June 2024,,,
6632b168b565bbebc7049335,Codys390,5591,5,1,0.22364,5591,0,0,5591,1118.2,243,70,3328,5591,5591,,1427.7146073357937,0,0,0,0,5591,5,1,0.22364,0,0,5591,5591,1118.2,243,70,3328,5591,5591,,1427.7146073357937,0,0,0,0,,,,,,,,,,,,,,,,,0,0,0,0,1,0,,,July 2024,July 2024,,,
667835c22462ec60ea631124,SkyLimit,44580,25,5,0.35664,8916,0,0,9974,1783.2,1505,2,4580,2387,12633,4169.652263678591,1351.3189852880778,0,0,0,0,44580,25,5,0.35664,0,0,8916,9974,1783.2,1505,2,4580,2387,12633,4169.652263678591,1351.3189852880778,0,0,0,0,,,,,,,,,,,,,,,,,0,0,0,0,1,0,,,June 2024,June 2024,,,